title,text,date,source,url,label,type
Alia defeats challengers Orbunde and Kuraun in Benue APC governorship primary,"The Benue State Governor, Hyacinth Alia, has been nominated as the candidate of the All Progressives Congress (APC) for the 2027 governorship election. He won the party’s direct primary election held on Thursday across the state. The Chairman of the APC Governorship Primary Election Committee, Mohammad Isah, announced the results at the party’s secretariat in Makurdi, the state capital. According to the results, Mr Alia polled 367,786 votes to defeat his closest challenger, Terwase Orbunde, who scored 3,247 votes, and Jeffrey Kuraun, who polled 2,923 votes. The landslide victory further strengthens the governor’s growing influence within the Benue APC machinery following weeks of political realignments and internal contests that have reshaped the party’s power structure ahead of the 2027 elections. Follow us on Google News and never miss breaking stories, investigations, and in-depth reporting. Speaking after the declaration, Mr Alia thanked party members for what he described as overwhelming support and praised the adoption of direct primaries in the state. “I appreciate the members of the party for the overwhelming support and for embracing direct primaries where the people’s will prevailed in all the primary elections conducted,” the governor said. He pledged to continue his administration’s infrastructure and development programmes, saying his government would sustain efforts to make Benue “the envy of other states.” The governorship primary comes amid lingering tensions within the Benue APC following a prolonged leadership crisis between Governor Alia and Secretary to the Government of the Federation (SGF), George Akume. The rivalry divided the party into parallel structures, with the two factions conducting separate congresses and laying claim to legitimacy. The crisis prompted Mr Akume to convene a high-level reconciliation meeting in Makurdi on 30 April after concerns were raised by the national leadership of the APC and President Bola Tinubu. At the meeting, the SGF said the president wanted all elected officials under the APC platform, including members of the national and state MPs, to return automatically. “We want everybody to have a place. We want inclusiveness in this party,” Mr Akume had said after the reconciliation meeting. But Governor Alia publicly disagreed with the interpretation, insisting that neither the president nor the APC national leadership approved automatic tickets for any aspirants. “What the SGF said was a prayer and not a resolution,” the governor said then. Subsequent APC primaries in the state appeared to reinforce the governor’s position and political strength. Last Saturday, six serving C MPs believed to be loyal to Mr Akume lost their return tickets in the APC primaries. Those defeated included Austin Achado of Gwer East/Gwer West Federal Constituency, David Ogewu of Oju/Obi, Terseer Ugbor of Kwande/Ushongo, Sekav Iyortyom of Buruku, Dickson Tarkighir of Makurdi/Guma, and Sesoo Ikpagher of Vandeikya/Konshis",2026-05-22T11:57:56+00:00,premium_times,https://www.premiumtimesng.com/news/top-news/881858-alia-defeats-challengers-orbunde-and-kuraun-in-benue-apc-governorship-primary.html,0,
Court orders company to drop ‘Naira’ from its name,"The Federal High Court in Abuja on Friday, issued an order permanently restraining a company, eNaira Payment Solutions Ltd, from parading itself as the registered proprietor of the trademark, “eNaira.” In his judgement, Judge James Omotosho also granted a counter-claim of the Central Bank of Nigeria (CBN) and awarded N10 million against the company. Mr Omotosho ordered eNaira Payment Solutions Ltd to immediately change its name to another distinct name that does not use the word “Naira,” the Nigerian currency. The judge agreed with the defendants’ arguments that though the company had been incorporated since 2004, it had a misleading name. Follow us on Google News and never miss breaking stories, investigations, and in-depth reporting. He held that “the name chosen by the plaintiff on its incorporation is in the circumstances unregistrable due to the misleading nature of the name which suggests government’s patronage.” The judge held that the Corporate Affairs Commission (CAC) was, therefore, right to issue the directive to the company to change its name in line with Section 852(2)(a) and (b) of the Companies and Allied Matters Act (CAMA), 2020. The News Agency of Nigeria (NAN) reports that eNaira Payment Solutions Ltd had, in the suit marked FHC/ABJ/CS/1113/2021, sued the CBN, the Registrar of Trademarks and the Registrar General of CAC. In the amended suit filed on 5 April 2024, the plaintiff brought 17 prayers including a N90.10 billion in damages. It prayed the court to restrain the defendants from withdrawing the trademark, “eNaira,” from it and stopping the CBN from claiming or conferring ownership of the name on itself. It described the acts of the defendants as unconstitutional takeover of its personal property which it had maintained for over 20 years, among other reliefs. But the CBN filed a further amended statement of defence and a counter-claim on 5 July 2024, marked FHC/ABJ/CS/1591/2021. The central bank sought five reliefs, including, a perpetual order restraining the company from parading itself as the registered proprietor of the Trademark “eNaira”. The CBN sought an order directing the company to pay it N20 billion as general damages for the colossal global embarrassment caused by the company claiming proprietorship of a trademark that does not belong to it. It also sought an award of N200 million for the cost of prosecuting the suit. Besides, the CAC, in its statement of defence and counter-claim filed on 2 May 2024, sought an order directing the company to change its name to another distinct name without the use of the word, “Naira.” In establishing its case, the plaintiff called one witness, the CBN and CAC also called a witness each while parties tendered documentary evidence as exhibits. Delivering a consolidated judgement in the suits, Justice Omotosho observed that the Trademark Registry, through a letter dated Nov. 15, 2021, had written to eNaira Ltd canceling and withdrawing the acceptance letters issued to the company ",2026-05-22T11:46:12+00:00,premium_times,https://www.premiumtimesng.com/business/business-news/881859-court-orders-company-to-drop-naira-from-its-name.html,0,
2027: Businessman clinches Abia APC governorship ticket,"The All Progressives Congress (APC) has declared renowned businessman, Eric Opah, as the winner of its governorship primary for the 2027 general elections. The Returning Officer and Chairman of the APC Governorship Primary Election Committee, Bartho Nyelong, announced the result at the APC secretariat in Umuahia, on Thursday night. According to the result, Mr Opah polled 126,977 votes to defeat his closest rival, the former Minister of State for Science and Innovations, Henry Ikoh, who secured 5,905 votes. Mr Nyelong said the results were collated from all the 17 LGAs after voting was conducted across the state’s 184 wards. Follow us on Google News and never miss breaking stories, investigations, and in-depth reporting. He said that Mr Opah met all the requirements of the party’s constitution and electoral guidelines and was, therefore, duly elected as the party’s standard bearer for the 2027 governorship poll. He described the primary as transparent, peaceful, and a true reflection of the democratic spirit within the party. Mr Nyelong also commended the delegates and supporters for their discipline, which ensured the smooth conduct of the exercise. He later presented Mr Opah with the Certificate of Return, officially confirming him as the APC governorship candidate for 2027. Meanwhile, the state APC leadership has congratulated Mr Opah on his emergence, hoping to unseat the Labour Party-led administration of Governor Alex Otti in 2027. In a statement signed by its Publicity Secretary, Uche Aguoru, the party described Mr Opah as an internationally renowned businessman and distinguished leader with the vision, experience, and leadership strength required to reposition the state. “We urge all members and supporters to remain united and committed as we collectively work towards delivering purposeful leadership for the people of Abia,” the statement partly read. Follow us on Google News and never miss breaking stories, investigations, and in-depth reporting.",2026-05-22T11:40:58+00:00,premium_times,https://www.premiumtimesng.com/news/top-news/881856-2027-businessman-clinches-abia-apc-governorship-ticket.html,0,
"2027: Akwa Ibom APC aspirants sue party, INEC over alleged unlawful disqualification","Eight aspirants of the All Progressives Congress (APC) in Akwa Ibom State have sued the party and the Independent National Electoral Commission (INEC) at the Federal High Court in Uyo over their alleged disqualification from the party’s State House of Assembly primaries. The suit, marked FHC/UY/CS/104/2026 and filed at the Federal High Court, Uyo, listed the applicants as Asuquo Okon, Uko Johnson, Kennedy Akpan, Effiong Bassey, Nsunwara Osung, Noah Okon, Nyoho Jackson and Godwin Umontuen. The respondents are the Akwa Ibom State chapter of the APC, the party’s state screening appeal committee, the national leadership of the APC and INEC. In the originating summons dated 18 May and filed through their counsel, Nsikak Ekpenyong and Uduak Ekanem, the applicants accused the respondents of breaching constitutional provisions and the Electoral Act in the conduct of the screening exercise for the 2026 State House of Assembly elections. Follow us on Google News and never miss breaking stories, investigations, and in-depth reporting. PREMIUM TIMES reported that disqualified APC aspirants for the state assembly claimed that the President of the Senate Godswill Akpabio and Governor Umo Eno of Akwa Ibom handpicked the party candidates for the assembly elections. The aspirants asked the court to determine whether the respondents could lawfully disqualify them on grounds “unknown to the Constitution and Electoral Act” and whether failing to disclose reasons for their disqualification violated their right to fair hearing under Section 36(1) of the 1999 Constitution. They also challenged the validity of the screening exercise allegedly conducted on 11 May, arguing that it was held outside the official timetable issued by the APC National Working Committee, which fixed the screening period for 6 to 10 May. The applicants further asked the court to determine whether, under Section 84(14) of the Electoral Act 2022, they were entitled to judicial redress if a political party failed to comply with its guidelines and timetable in the nomination process. In the suit, the aspirants sought declarations that their alleged disqualification was unconstitutional, unlawful, null and void, insisting they were denied fair hearing and that the party imposed arbitrary criteria not recognised by the Constitution or the Electoral Act. They also asked the court to set aside the purported disqualification and compel the respondents to clear them to participate in the APC State House of Assembly primaries scheduled for 20 May. The applicants further requested an order compelling the respondents to release all screening reports, score sheets, minutes of proceedings, findings and recommendations relating to them. They equally sought an interlocutory injunction restraining the respondents from conducting or proceeding with APC primaries in seven constituencies pending the determination of the suit. The constituencies listed are Nsit Ibom, Ikono, Ibesikpo Asutan, Oron/Udung Uko, Etim Ekpo/",2026-05-22T10:24:36+00:00,premium_times,https://www.premiumtimesng.com/news/top-news/881833-2027-akwa-ibom-apc-aspirants-sue-party-inec-over-alleged-unlawful-disqualification.html,0,
"APC postpones Kwara, Bauchi governorship primaries as candidates emerge in 25 states","The All Progressives Congress (APC) has postponed its governorship primaries in Kwara and Bauchi states to Friday, according to a statement by its National Publicity Secretary, Felix Morka. The party also rescheduled the State House of Assembly primaries for Maradun I and Maradun II constituencies in Zamfara State to Sunday. In the statement issued on Thursday from the APC National Secretariat in Abuja, Mr Morka said the decision was approved by the National Working Committee (NWC) following consultations with stakeholders. The decision, he said, was taken “in furtherance of the party’s commitment to ensuring a transparent, orderly, peaceful and credible primary election process.” Follow us on Google News and never miss breaking stories, investigations, and in-depth reporting. In Kwara State, the postponement caused confusion as party members had already gathered in several wards, with voting reportedly underway or about to commence in some areas. Shortly after the announcement, at least eight governorship aspirants stepped down in support of Yahaya Seriki, according to reports by several media outlets and party sources. Those who withdrew include Wale Sulaiman, Mohammed Bio, Toyin Alabi, Ibrahim Oloriegbe, Ahmad Mahmoud, Aisha Patigi, Salako Oluwatoyin, and House of Assembly Speaker Yakubu Danladi-Salihu. In Bauchi State, supporters of aspirant Nura Soro staged protests at the hotel accommodating the electoral committee, alleging attempts to influence the process. “We want a peaceful, free, fair and credible primary election. We do not want imposition,” one supporter said. However, the APC produced governorship candidates in 25 states on Thursday, with several incumbent governors and prominent aspirants securing tickets across the country. In Delta State, Governor Sheriff Oborevwori polled 345,375 votes in a direct primary and described the exercise as “transparent and exemplary.” In Lagos, Deputy Governor Obafemi Hamzat defeated Olanrewaju Jim-Kamal, polling 657,917 votes against one. In Rivers State, Kingsley Chinda, an ally of FCT Minister Nyesom Wike, emerged with 268,497 votes after Governor Siminalayi Fubara withdrew from the race on Wednesday night, citing “peace and unity.” In Gombe, Jamilu Gwamna defeated former ministers Isa Pantami and Saidu Alkali with 247,161 votes. Governors Uba Sani of Kaduna, Dikko Radda of Katsina, Nasir Idris of Kebbi and Abba Kabir Yusuf of Kano were affirmed as candidates in their states, while Senator Solomon Adeola (Yayi) emerged as the consensus candidate in Ogun State. Governor Peter Mbah also secured the APC ticket in Enugu State. In Oyo State, Senator Sharafadeen Alli emerged as the candidate after polling 578,143 votes. He defeated Senator Fatai Buhari, who scored 37,265 votes, and former Minister of Power Adebayo Adelabu who polled 19,193 votes. No governorship primaries were conducted in the eight off-cycle states — Kogi, Edo, Bayelsa, Anambra, Imo, Osun, Ekiti and Ondo — which operate on separate el",2026-05-22T09:08:58+00:00,premium_times,https://www.premiumtimesng.com/news/top-news/881824-apc-postpones-kwara-bauchi-governorship-primaries-as-candidates-emerge-in-25-states.html,0,
Court grants Malabu leave to seek judicial review over OPL 245 split,"The Federal High Court in Abuja on Thursday granted leave to Malabu Oil & Gas Limited to apply for a judicial review against the Federal Government over the alleged splitting of Oil Prospecting Licence (OPL) 245. Delivering the ruling, Justice Mohammed Umar held that the ex-parte motion filed by the company through its lawyer, Reuben Atabo, a Senior Advocate of Nigeria, was meritorious. The judge said the court was satisfied with the depositions contained in the affidavit attached to the application, particularly some of the paragraphs relied upon by the applicant. Mr Umar subsequently adjourned the matter until 11 June to enable Malabu to file and serve the originating summons in respect of the reliefs being sought. Follow us on Google News and never miss breaking stories, investigations, and in-depth reporting. In the suit marked FHC/ABJ/CS/871/2026, Malabu Oil & Gas Limited listed the president, the Attorney-General of the Federation (AGF), and the Minister of Petroleum Resources as first to third respondents respectively. The suit comes less than two months after President Bola Tinubu on 5 March announced the government had resolved a decades-long dispute over Oil Prospecting Licence (OPL) 245, one of Nigeria’s most commercially significant deepwater oil blocks. At the time, the presidency said the agreement paves the way for development that could add approximately 150,000 barrels per day to Nigeria’s production capacity. Although details of the agreement are still sketchy and were not made public, the president’s office described it as a “historic settlement” that would unlock the development of one of Nigeria’s most strategically important deepwater resources. On Thursday, Malabu in its suit alleged that the Federal Government split OPL 245 into four separate assets and reassigned them to Shell Nigeria Ultra-Deep Limited, Shell Nigeria Exploration Production Company Limited, Nigerian Agip Exploration Company Limited, and Nigerian National Petroleum Company (NNPC) Limited. According to Malabu, the reallocation was carried out through the OPL 245 Resolution Agreement executed on or about 5 March. The firm further alleged that the action was taken without the consent or approval of its directors. The matter is expected to return to court on 11 June for further proceedings. OPL 245 was originally awarded to Malabu Oil and Gas by the regime of General Sani Abacha in 1998. Under the terms of the award, Malabu — a briefcase company set up by Mr Abacha’s son and the then petroleum minister, Dan Etete, in controversial circumstances — was required to develop the block in partnership with an international technical partner and pay a signature bonus of $20 million. The company paid only $2 million before entering into a joint operation agreement with Shell Nigeria Ultra Deep Limited (SNUD). Malabu received its operating licence in April 2001, but it was revoked three months later, in July 2001. The administration of former President Olusegun Obasanjo",2026-05-22T09:05:34+00:00,premium_times,https://www.premiumtimesng.com/business/business-news/881822-court-grants-malabu-leave-to-seek-judicial-review-over-opl-245-split.html,0,
"Hajj 2026: NAHCON completes outbound airlift of pilgrims, sets 3 June for return flights","The National Hajj Commission of Nigeria (NAHCON) has successfully concluded the 2026 Hajj outbound airlift operation, marking a major milestone ahead of this year’s pilgrimage rites in the Kingdom of Saudi Arabia. A statement by the Commission on Thursday said the final outbound flight departed at exactly 10:44 a.m. on 21 May, with a Max Air aircraft conveying pilgrims from Zamfara State through the Gusau International Airport. The operation, which began on 3 May, saw a total of 98 flights conducted within 18 days — averaging about five flights daily. Nigeria was allocated a total Hajj quota of 50,000 pilgrims for the 2026 exercise, including 9,750 slots reserved for licensed tour operators, officials and support personnel. Follow us on Google News and never miss breaking stories, investigations, and in-depth reporting. According to the statement, about 39,000 pilgrims under the government quota were successfully transported to Saudi Arabia for the spiritual exercise. The Commission explained that a number of intending pilgrims could not travel due to unavoidable circumstances such as ill health and deaths recorded after visa issuance. Several pilgrims who spoke to PREMIUM TIMES commended NAHCON for what they described as one of the smoothest Hajj airlift operations in recent years. A pilgrim from Kaduna State, Ali Musa, said the process was “well coordinated and stress-free.” “From screening to boarding, everything moved faster than we expected. We thank NAHCON and the officials for treating pilgrims with patience and respect,” he said. Similarly, Ummi Lere, praised the Commission for ensuring comfort and proper communication throughout the journey. “This year’s arrangement is commendable. We received timely information and the officials were supportive at every stage,” she stated. Another pilgrim from Oyo, Sonni Lawal, described the exercise as “highly organised.” “We pray Allah rewards NAHCON and the Nigerian government. The airlift was peaceful and orderly despite the large number of pilgrims,” he added. The Chairman and Chief Executive Officer of NAHCON, Ismail Yusuf, praised the commitment and cooperation of stakeholders who contributed to the success of the operation. He commended NAHCON board members and staff, State Pilgrims Welfare Boards, licenced tour operators, air carriers, security agencies and operational committees for their resilience and dedication. The Commission also expressed appreciation to President Bola Tinubu and Vice President Kashim Shettima for their support and supervision throughout the exercise. Meanwhile, NAHCON announced that preparations for the return journey are already underway, with inbound flights scheduled to commence on 3 June. It added that detailed return schedules would be communicated in due course. The Commission further disclosed that planning for the 2027 Hajj exercise would begin immediately after the conclusion of this year’s pilgrimage as part of efforts to improve future operations and service ",2026-05-21T14:51:14+00:00,premium_times,https://www.premiumtimesng.com/news/more-news/881611-hajj-2026-nahcon-completes-inbound-airlift-of-pilgrims-sets-3-june-for-return-flights.html,0,
Katsina PDP unveils senatorial candidates as party battles lingering divisions,"A faction of the Peoples Democratic Party (PDP) in Katsina State on Wednesday endorsed three senatorial aspirants for the 2027 general elections, insisting the party remains strong enough to challenge the ruling All Progressives Congress (APC) despite years of internal leadership tussles and defections. State Chairman Nura Amadi-Kurfi announced the affirmation of Hamisu Gambo-Danlawan (popularly known as Danlawan) as the preferred candidate for Katsina Central District; Aliyu Abdulmumin-Abdullahi for the Daura zone and Nura Khalil for the Funtua zone. Mr Amadi-Kurfi, who emerged from a 2024 congress backed by the faction led by former governorship candidate Senator Yakubu Lado-Danmarke, described the party as “fully united” across the 34 local government areas. He expressed confidence that the PDP would reclaim power in 2027 by addressing insecurity, poverty, unemployment, and poor access to social services. Follow us on Google News and never miss breaking stories, investigations, and in-depth reporting. “The PDP is prepared to provide purposeful leadership that will tackle the numerous challenges facing the people of Katsina State,” he said. The chairman highlighted persistent security issues causing loss of lives and displacement, and pledged priority on restoring peace, reviving education and agriculture, and creating jobs for youths and women. He urged supporters to mobilise at the grassroots. Mr Lado-Danmarke, the party’s 2023 governorship candidate who remains a dominant figure in this PDP bloc, reinforced the message. He said the endorsed politicians have the capacity to deliver effective representation. Mr Gambo-Danlawan, a former House of Representatives member and one-time Katsina Local Government chairman who recently returned to the PDP after a brief stint with the APC, pledged quality representation and close collaboration with other party candidates. The endorsement comes against the backdrop of protracted factional struggles within the Katsina PDP. Mr Amadi-Kurfi’s leadership emerged from a parallel congress and was sworn in by the Lado-Danmarke-led group in 2024. Earlier leadership crises had led to caretaker committees, court interventions, and the defection of a previous chairman, Salisu Uli, to the African Democratic Congress (ADC) in 2025. While the Amadi-Kurfi-led executive has been active — recently criticising the APC government on security and education — questions remain about full recognition and reconciliation with other PDP stakeholders in the state. The national PDP itself continues to grapple with its own leadership crisis, with rival factions and court cases affecting cohesion across states. Political observers note that these “affirmations” or endorsements are early moves ahead of formal primaries. They signal an attempt by the Lado-Danmarke-aligned group to project unity and momentum, especially as the ADC has gained ground through defections and the ruling APC maintains strong control in Katsina. The PDP is banki",2026-05-21T14:46:49+00:00,premium_times,https://www.premiumtimesng.com/news/top-news/881608-katsina-pdp-unveils-senatorial-candidates-as-party-battles-lingering-divisions.html,0,
"Kano residents decry heatwave, erratic power as businesses struggle","Residents of Kano State have expressed concern over a heatwave sweeping across the state and other parts of northern Nigeria. They also complained about erratic electricity supply, saying it is crippling socio-economic activities and making it harder to cope with the extreme weather. Speaking with the News Agency of Nigeria (NAN) in Kano, some residents and small-scale business operators described this hot season as one of the toughest in recent years. A resident, Rekiya Aliyu, said this year’s heat had been unusually intense and began earlier than expected. Follow us on Google News and never miss breaking stories, investigations, and in-depth reporting. “This year, there was no extreme cold weather at all, even during the cold season. After Ramadan, the kind of heat we’ve experienced in Kano is like nothing I’ve seen since I moved here,” she said. Mrs Aliyu added that the heat becomes unbearable by noon, disrupting daily life and affecting residents’ health. “I keep pouring water on my body from morning till night to cool down. Even the water in the bathroom gets hot on its own,” she said. Another resident, Salma Usman, a housewife, said the weather becomes unbearable between afternoon and evening. “The heat is seriously affecting our activities. In the afternoon, we are tired, sweating, and weak. My children have heat rashes and keep crying because of the heat,” she said. Yusufa Abdullahi, a bricklayer, said the heat had robbed many residents of sleep and reduced productivity. “The weather is very serious. We can’t even sleep at night. If you don’t sleep, you can’t work well. Even in the morning, I feel tired and dizzy at work,” he said. A school teacher, Ele Abalaka, described the heat as overwhelming and said unstable electricity had worsened the hardship, forcing households to rely on costly alternatives. “We hardly have electricity throughout the week. Sometimes power comes on for only a few minutes and then goes off again. If you want comfort at night or to preserve food, you must use a generator or solar power,” she said. According to her, running a generator now costs more than N7,000 daily in fuel. Matilda Udo, who produces natural drinks such as zobo, kunu, and tiger nut drink, said the harsh weather and poor power supply had hurt her business. “I spend a lot buying ice blocks to keep my drinks cold. Sometimes, the cost of preservation wipes out my profit,” she said. Sarah King, a student and fashion designer, said the intense heat had slowed her productivity and affected customer service. “The heat makes me weak and slows down my work. Sometimes I have to stop and wait for the weather to cool before I continue,” she said. The respondents appealed to the government and electricity providers to improve the power supply to boost socio-economic activities. Follow us on Google News and never miss breaking stories, investigations, and in-depth reporting.",2026-05-21T14:34:29+00:00,premium_times,https://www.premiumtimesng.com/news/more-news/881604-kano-residents-decry-heatwave-erratic-power-as-businesses-struggle-2.html,0,
Tinubu hails NDLEA for busting Nigerian-Mexican drug syndicate,"President Bola Tinubu has congratulated the National Drug Law Enforcement Agency (NDLEA) over the bust of a Nigerian-Mexican drug syndicate and the dismantling of a multi-million-dollar drug network. This is contained in a statement issued by presidential spokesperson, Bayo Onanuga, on Thursday in Abuja. NDLEA Chairman, Buba Marwa, on Wednesday announced the major breakthrough following weeks of intelligence gathering and coordinated operations involving NDLEA operatives and international security partners. The operation led to the arrest of some foreign nationals, local kingpins, and several collaborators, alongside the seizure of chemicals and illicit drugs valued at more than $360 million. Follow us on Google News and never miss breaking stories, investigations, and in-depth reporting. Mr Tinubu described the operation as a significant milestone in Nigeria’s campaign against organised crime, narcotics trafficking, and transborder criminal networks threatening national and regional security. The president said the successful operation demonstrated exceptional professionalism, courage, and unwavering commitment. “I commend the bravery, resilience, and dedication displayed by operatives of the NDLEA throughout this mission. “I urge them not to be complacent in confronting the menace of drug trafficking,” the president said. Mr Tinubu warned that West Africa had increasingly become a major transit corridor for cocaine, synthetic narcotics, and unregulated pharmaceutical products destined for Europe and North America. “West Africa has become a great concern in the global war against narcotics as drug barons turn our region into a transit hub for moving cocaine, synthetic drugs and unregulated pharmaceuticals,” he said. The president noted that, beyond the security implications, illicit drugs also pose grave dangers to young people across the region, many of whom had become victims of addiction and criminal exploitation. “Drugs not only pose a critical security threat for our region, but they also pose a grave danger to the future of our youth, some of whom have become victims of the trade,” he said. He urged Nigerians to support security agencies by remaining vigilant and reporting suspicious activities that could expose criminal operations and illegal trafficking networks within communities nationwide. “I call on all Nigerians to see the fight against illicit drugs not as NDLEA’s alone. “Everyone has a role to play. We must remain vigilant and promptly report suspicious activities,” he said. Mr Tinubu stressed that the successful operation had sent a strong signal that Nigeria’s security agencies remained committed to confronting organised crime and enforcing the law without compromise. “This landmark success is a strong message that our security agencies will not tolerate organised crime and criminality anywhere in the country, and that those who threaten public safety will face the law,” Mr Tinubu said. Follow us on Google News and never miss br",2026-05-22T05:21:49+00:00,premium_times,https://www.premiumtimesng.com/news/top-news/881772-tinubu-hails-ndlea-for-busting-nigerian-mexican-drug-syndicate.html,0,
Nigerian govt launches AI platform to improve access to official information,"The federal government has launched GovGuideNigeria, an AI-powered platform designed to make access to government information simpler, faster, and more inclusive for every Nigerian. The Minister of Communications, Innovation and Digital Economy, Bosun Tijani, disclosed the launch on his X handle on Thursday, noting that the platform will be available via WhatsApp and web. According to the minister, the AI-powered platform will be accessible to Nigerians in English, Hausa, Igbo, and Yoruba to improve public service delivery. Mr Tijani said GovGuide will provide citizens with easy access to information across more than 35 federal ministries and over 60 government agencies. Follow us on Google News and never miss breaking stories, investigations, and in-depth reporting. The minister added that the platform will help Nigerians to bridge language and information gaps concerning governmental activities across the country. “Today, we launched #GovGuideNigeria, an AI-powered platform designed to make access to government information simpler, faster, and more inclusive for every Nigerian. Available via WhatsApp and web in English, Hausa, Igbo, and Yoruba, “GovGuide provides citizens with easy access to information across more than 35 federal ministries and over 60 government agencies, helping to bridge language and information gaps while improving public service delivery,” Mr Tijani said. According to the digital economy minister, the initiative reflects the ministry’s commitment to ensuring that technology and AI work for the people, especially underserved and low-literacy communities across the country. He said GovGuide demonstrates what is possible when the government, the private sector, and local innovators work together to solve real challenges. “I appreciate the strong collaboration between the @NCAIRNigeria, @Meta, and @PublicaaiMedia in bringing this important initiative to life. “GovGuide demonstrates what is possible when the government, the private sector, and local innovators work together to solve real challenges. “I encourage Nigerians everywhere to take advantage of the platform to access the information and services they need more easily and conveniently,” the minister stated. Follow us on Google News and never miss breaking stories, investigations, and in-depth reporting.",2026-05-22T05:18:09+00:00,premium_times,https://www.premiumtimesng.com/business/business-news/881767-nigerian-govt-launches-ai-platform-to-improve-access-to-official-information.html,0,
Police commence disciplinary action against officer who threatened to kill anyone filming him,"The Nigeria Police Force (NPF) has condemned the conduct of Newton Isokpehi, an assistant superintendent of police (ASP), who recorded himself in a video, threatening to kill anyone who filmed him during an operation. The police announced that disciplinary action has commenced against him, according to a statement from police spokesperson Anthony Placid. The police statement followed complaints by Nigerians who demanded that the officer be disciplined and discharged from the police. “Any day I’m on duty with my rifle as an officer, let somebody video me,” Mr Isokpehi had said in the viral TikTok video. “Let that Oga that gave you an order to video us, he’ll come and bury you.” Follow us on Google News and never miss breaking stories, investigations, and in-depth reporting. Mr Isokpehi also alleged poor welfare and lack of accountability in the police. He appears to have deleted the video, which is no longer available on his page, and has posted another video in which he apologised to Nigerians. According to him, the comments were made out of frustration. But Nigerians continued to call for action against him. In the police statement, Mr Placid described the officer’s conduct and remarks as “unacceptable, unprofessional, and inconsistent with the ethics, standards, and code of conduct of the Nigeria Police Force.” The spokesperson noted that the police have identified the officer and summoned him to the Anambra State Police Command Headquarters for immediate disciplinary procedures. “The Nigeria Police Force does not tolerate threats, intimidation, abuse of office, or any conduct capable of undermining public trust and confidence in law enforcement institutions,” he stated. He added that the Inspector General of Police (IGP), Olatunji Disu, has consistently maintained that members of the public may lawfully record officers performing their duties, provided that such recordings do not obstruct operations or compromise safety. “The Force further reiterates that recording police activities remains a legitimate tool for public accountability and transparency and should not, in itself, attract harassment or intimidation from police personnel while discharging their duties,” the police spokesperson added. The police also said the outcome of the disciplinary process against the officer would be made public in due course. The development comes amid ongoing reform efforts by the NPF aimed at improving professionalism, accountability and public trust in policing across the country. Follow us on Google News and never miss breaking stories, investigations, and in-depth reporting.",2026-05-22T05:05:13+00:00,premium_times,https://www.premiumtimesng.com/news/top-news/881760-police-commence-disciplinary-action-against-officer-who-threatened-to-kill-anyone-filming-him.html,0,
Plateau aspirants petition APC over alleged flawed primaries,"Aggrieved aspirants of the All Progressives Congress (APC) in Plateau State on Thursday submitted separate petitions challenging the conduct of the party’s recent National Assembly primaries. The aggrieved aspirants presented the petitions individually at the APC state secretariat in Jos to Zubairu Lawal, secretary of the party’s National Assembly appeal committee in Plateau. The aspirants alleged widespread irregularities and violations of internal party guidelines, insisting that the exercise fell short of the standards required for a credible democratic process. After the submissions, the senator representing the Plateau Central district, Diket Plang, addressed journalists on behalf of the petitioners. Follow us on Google News and never miss breaking stories, investigations, and in-depth reporting. He said that although the petitions were filed separately, they were driven by similar grievances arising from the primaries. Mr Plang said the petitioners remained loyal members of the APC but could not accept the outcome of a process they believed undermined internal democracy. Those who filed petitions include Chris Giwa, Gyang Zi and Istifanus Gyang, aspirants for the Plateau North Senate seat; Ephraim Gar and M Beatrice Dakas, both aspirants for the Plateau Central Senate ticket; and Komsol Longdap, a former member of the House of Representatives for Qua’anpan, Shendam and Mikang federal constituency, who is seeking the Plateau South Senate ticket. Others submitted petitions over House of Representatives contests, including Tongshineng John, who allegedly that the primary election was altered through conflicting electoral processes. John Dafaan, the incumbent lawmaker representing Qua’anpan, Shendam and Mikang federal constituency who lost at the primary, had earlier submitted his petition. Mr Plang added that some of the party aspirants who could not be physically present also filed petitions and were aligned with the concerns raised. Addressing journalists, Mr Plang alleged that no valid Senate primary election was conducted in the state. He claimed that voting was abruptly discontinued or never concluded in several locations, while announcements that primaries would resume emerged only after results had been declared elsewhere. He said similar issues affected some House of Representatives primaries, where conflicting results were announced without timely intervention by party authorities. “The entire process gave the impression that justice was being denied,” he said. Drawing on his experience as a former member of the Plateau State House of Assembly and a long-serving political office holder, Mr Plang described the exercise as the worst primary he had participated in. He said the party’s adoption of direct primaries, intended to allow all registered members to vote, was allegedly replaced with vote allocation. “Party members waited until late into the night, despite serious security concerns, only to wake up the next day and hear that votes",2026-05-21T18:26:18+00:00,premium_times,https://www.premiumtimesng.com/regional/north-central/881666-plateau-aspirants-petition-apc-over-alleged-flawed-primaries.html,0,
"Malnutrition: MSF treated over 60,000 Zamfara children in 2025","Medecins Sans Frontieres (MSF), a global health humanitarian non-governmental organisation, said it treated 60,566 children for malnutrition in Zamfara State in 2025 alone. In an official communication posted on the NGO’s official Facebook page on Wednesday, MSF said the situation was aggravated by hunger and disease. ‘The rains also coincide with the lean season, when food stored are exhausted and new harvests are still months away. Undernutrition weakens immune systems, turning common illnesses into deadly threats, particularly for children. “In 2025, MSF treated 60,566 children for malnutrition in Zamfara, as hunger and disease combined into a dangerous cycle,’ the organisation said. Follow us on Google News and never miss breaking stories, investigations, and in-depth reporting. PREMIUM TIMES reports that Zamfara State is the epicentre of a decade-long menace of banditry that has ravaged Nigeria’s northwest. The bike-riding terrorists often invade communities, killing and abducting residents. Most of those affected in the rural communities are farmers and traders. Killing of farmers and displacement of others has affected food production as a PREMIUM TIMES field investigation revealed in 2023. Besides malnutrition, MSF said it has also treated children for various diseases in the state. In 2025, the group said it ‘treated 136,778 malaria and 13,877 cholera patients in Zamfara, showing how quickly illness escalates during the rainy season.’ The health NGO said every year, the rainy season brought diseases, complicating the already strained situation in the state and the sub-region. ‘In northwestern Nigeria, particularly in Zamfara State, the rainy season brings more than relief from the heat. It brings distress, disease, and preventable deaths. ” For communities already affected by years of armed violence, displacement, and poverty, daily survival between May and September becomes an overwhelming struggle as flooding, outbreaks of infectious diseases, and worsening food insecurity come together,” it noted. MSF said while it would continue to scale up its emergency responses across northern Nigeria. However, it noted that most of the deaths were preventable. “Preventive action before and during the rainy season is critical. Strengthening community awareness, improving access to safe water and sanitation, and ensuring timely vaccination campaigns can reduce the impact of diseases,” said Sani Adamu, nursing activity manager in MSF project Shinkafi. “Health facilities must also be properly equipped and supported to diagnose and treat patients quickly and effectively.” Follow us on Google News and never miss breaking stories, investigations, and in-depth reporting.",2026-05-21T18:21:04+00:00,premium_times,https://www.premiumtimesng.com/health/health-news/881663-malnutrition-msf-treated-over-60000-zamfara-children-in-2025.html,0,
APC postpones Kwara governorship primary after disruption at party secretariat,"The All Progressives Congress (APC) has postponed its governorship primary election in Kwara State following tension and disruption at the party’s secretariat in Ilorin on Thursday. The primary, earlier scheduled for Thursday, has been moved to Friday, according to a statement issued by the party’s State Publicity Secretary, Abdulwaheed Babatunde. “The Governorship Primary Election earlier scheduled for today, Thursday, 21st May 2026, has been rescheduled to Friday, 22nd May,” the statement said. The party urged members and aspirants to remain peaceful and law-abiding ahead of the rescheduled exercise. Follow us on Google News and never miss breaking stories, investigations, and in-depth reporting. The postponement came hours after suspected political thugs reportedly besieged the APC secretariat in Ilorin during the accreditation and coordination process for the exercise. Witnesses told Sahara Reporters that the crowd, believed to be loyal to APC governorship aspirant Abdulfatai Seriki-Gambari, blocked parts of the secretariat while chanting slogans in support of their preferred candidate. Videos circulating online showed groups of young men chanting in Yoruba, “No Seriki-Gambari, no vote,” as tension mounted around the venue. The situation reportedly caused panic among delegates and party officials. Sources familiar with the exercise said Musiliu Obanikoro, appointed by the APC leadership to supervise the Kwara governorship primary, was briefly unable to leave the premises as security operatives struggled to restore order. Security personnel from the police and the State Security Service were later deployed to the area. The incident is the latest development in the growing crisis surrounding the APC governorship succession process in Kwara State. PREMIUM TIMES had earlier reported that political tension intensified after Governor AbdulRahman AbdulRazaq endorsed Mr Seriki-Gambari as his preferred successor ahead of the governorship primary. In a statement issued on Tuesday, 19 May, and personally signed by the governor, Mr AbdulRazaq described the aspirant as “young, pro-people, astute, and broad-minded,” urging party leaders and members to support his candidacy for party cohesion and continuity. The endorsement followed disagreement within the state chapter of the APC over succession plans ahead of the 2027 governorship election. Earlier reports indicated that at least 16 aspirants purchased nomination forms to contest the APC governorship ticket, with several party stakeholders expressing concerns over attempts to impose a consensus candidate. On 15 May, PREMIUM TIMES reported that most of the governorship aspirants boycotted a strategic meeting convened by Governor AbdulRazaq in Ilorin amid suspicion that the gathering was aimed at securing endorsement for a preferred aspirant. Only one aspirant, Mohammed Dele Belgore (SAN), reportedly attended the meeting. Multiple party sources who spoke with The PUNCH had alleged that disagreements persist",2026-05-21T18:12:28+00:00,premium_times,https://www.premiumtimesng.com/regional/north-central/881664-apc-postpones-kwara-governorship-primary-after-disruption-at-party-secretariat.html,0,
Airtel Africa launches new share buyback programme,"Wireless operator Airtel Africa kicked off a share repurchase programme on Friday, aiming to buy back up to 1 per cent of its issued share capital as part of plans to return cash to shareholders. The move is a major component of the telco’s capital allocation policy, the company, which operates in 14 markets across Africa, stated in a statement on Friday. “As the initial tranche of the Programme, the Company has entered into an agreement with Barclays Capital Securities Limited (“Barclays”) to conduct the programme and carry out on-market purchases of its ordinary shares with the Company subsequently purchasing its ordinary shares from Barclays,” Airtel Africa said. “Barclays will act as riskless principal pursuant to the agreement,” it added. Follow us on Google News and never miss breaking stories, investigations, and in-depth reporting. The agreement allows Barclays to buy up to $60m of ordinary shares (and not less than $50 million) and make trading decisions independently of the company. It also permits Airtel Africa to provide instructions to Barclays for the purchase up to extra $50 million of ordinary shares, at its discretion and subject to the provisions of the Market Abuse Regulation (EU) No 596/2014. The deal takes effect on Friday, and remains valid until 27 November, except it is terminated ahead of that date in accordance with the terms. Share buybacks allow a company to buy its own shares in order to reduce the volume of shares available on the open market, in turn strengthening the value of remaining shares. In the year ended 31 March 2026, the mobile service provider repurchased 26.2 million shares (7.5 million in the first tranche and 18.7 million in the second tranche) to complete a share buyback programme of $100 million. According to its audited financial statements for the period, its outstanding shares as of 31 March 2026 stood at 3.65 billion units. Using that figure, the 1 per cent of the company’s issued share capital, which is proposed to be repurchased under the new programme, is equivalent to 36.55 million shares. Airtel Africa is planning to spin off its mobile money business from its core telecoms operations, with the initial public offering (IPO) earlier proposed for the unit now put on hold until the second half of this year amid market uncertainties arising from the ongoing Middle East conflict. The IPO expects to raise between $1.5 billion and $2 billion towards a potential listing on the London Stock Exchange. Follow us on Google News and never miss breaking stories, investigations, and in-depth reporting.",2026-05-22T12:21:35+00:00,premium_times,https://www.premiumtimesng.com/business/business-news/881871-airtel-africa-launches-new-share-buyback-programme.html,0,
"CJID, Premium Times train journalists on investigative, ethical health reporting","More than 50 journalists from across Nigeria participated in a two-day capacity-building workshop for practitioners on impactful healthcare reporting capable of driving policy reform, organised by the Centre for Journalism Innovation and Development (CJID). The “Investigative Skills for Covering Nigeria’s Priority Health Challenges” workdhop, held from 19 to 20 May in Abuja, brought together early-career journalists, mid-level reporters, experienced media professionals, and campus journalists from across Nigeria. Also attending was the CEO of CJID and publisher of PREMIUM TIMES, Dapo Olorunyomi, who facilitated a session on “Practical Principles and Ethics in Investigative Health Reporting.” During the session, Mr Olorunyomi highlighted core principles that should guide investigative health reporting, including verification and evidence, independence from bias, contextualisation, transparency, and prioritising accuracy over speed. Follow us on Google News and never miss breaking stories, investigations, and in-depth reporting. He stressed the importance of profrddional ethics, noting that the journalism relies heavily on personal and institutional credibility. “The most important currency a platform has is credibility. For the individual journalist, it is integrity,” he said. He added that ethics remain central to journalism because of the difficulty in regulating journalism compared to other professions. Also speaking at the training, Nike Adebowale-Tambe, Editor, Health and Development Desk at Premium Times, urged journalists to pay closer attention to Primary Health Care (PHC) centres as an important investigative reporting beat. Delivering a presentation titled “PHC and Facility Readiness as a Reporting Beat: How to Investigate the Status of Primary Health Care Centres,” she said the condition of PHCs directly affects maternal health, child survival, immunisation, disease outbreaks, and community wellbeing, particularly in underserved communities. Ms Adebowale-Tambe encouraged journalists to investigate issues such as infrastructure, staffing, availability of essential medicines, equipment functionality, and service delivery at PHCs. She also urged participants to use direct observation, interviews, budget documents, and procurement records to strengthen accountability reporting in the health sector. She noted that consistent and evidence-based reporting on PHCs can expose gaps in healthcare delivery, amplify community voices, and push authorities toward reforms that improve health outcomes. Speaking at the end of the training, Omosalewa Adesua, the Project Associate for Health Journalism at the CJID, said participants were selected from about 220 applications to ensure diversity and balanced learning. Ms Adesua said the selection diversity was important to get an all-round development of skills in healthcare reporting across various sectors. She noted that the sessions focused on major health issues affecting Nigerians, including maternal he",2026-05-21T17:44:48+00:00,premium_times,https://www.premiumtimesng.com/health/health-interviews/881653-cjid-trains-journalists-on-investigative-ethical-health-reporting.html,0,
WHO honours six global health champions at World Health Assembly,"The World Health Organisation (WHO) has honoured six laureates for their outstanding contributions to primary healthcare and global public health during the 79th World Health Assembly. WHO disclosed this on Wednesday, noting that the awards were presented by Assembly President Víctor Lajam and Director-General Tedros Ghebreyesus. “Víctor Lajam and Tedros Ghebreyesus presented the 2026 prizes. “The 2026 prizes celebrate dedication to primary health care, reducing inequities, and health for all,” the global health body said. Follow us on Google News and never miss breaking stories, investigations, and in-depth reporting. The statement said WHO’s Executive Board selected the laureates in February, recognising commitment to scientific excellence and outreach. According to WHO, recipients strengthened health systems, advanced disease control, and expanded healthcare access for vulnerable populations worldwide. WHO stated that 2026 also marked 20 years since LEE Jong-wook died during the Assembly in 2006. “The Dr LEE Jong-wook memorial prize for public health was awarded to honour his legacy,” the statement added. It said awards presented included the Sasakawa Health Prize, UAE Health Foundation Prize, Sheikh Sabah Prize, SingHealth Award, Dr LEE Prize, and Nelson Mandela Award, recognising outstanding contributions toward improving global public health services worldwide. “The winners include ASACOBA in Mali, Worawit Tontiwattanasap of Thailand, Bruno Vellas and SingHealth in France and Singapore, Mohammad Abul Faiz in Bangladesh, and Amr Kandeel in Egypt,” WHO said. According to WHO, public health prizes are awarded annually during the Assembly to individuals and institutions worldwide. It added that nearly 100 nominations came from all six WHO regions, reflecting growing global engagement recognition. Follow us on Google News and never miss breaking stories, investigations, and in-depth reporting.",2026-05-21T17:37:00+00:00,premium_times,https://www.premiumtimesng.com/health/health-news/881651-who-honours-six-global-health-champions-at-world-health-assembly.html,0,
"2027: APC adopts direct primary for presidential ticket, names election committee","The ruling All Progressives Congress (APC) has opted for the direct primary system for its 2026 presidential primary election, paving the way for all registered party members nationwide to participate in selecting the party’s flagbearer for the 2027 presidential election The development followed the completion of the screening of presidential aspirants and forms part of the party’s ongoing nationwide primary elections, which began last Friday with the conduct of House of Representatives primaries. The party subsequently held Senate primaries on Monday before proceeding with state assemblies, governorship and presidential contests in phases across the country. The decision was contained in a statement issued by the party’s National Publicity Secretary, Felix Morka, alongside the release of detailed guidelines for the exercise and the inauguration of committees to oversee the process. Follow us on Google News and never miss breaking stories, investigations, and in-depth reporting. The guidelines, signed by the APC National Secretary, Ajibola Basiru, said the National Working Committee (NWC) approved the arrangements in line with the party’s constitution, the Electoral Act and its resolve to conduct what it described as a transparent and credible primary election. Under the adopted framework, voting will be conducted simultaneously across the country’s 8,809 wards, with all registered APC members eligible to cast ballots for the aspirant of their choice. The APC presidential race currently has two aspirants seeking the party’s ticket: incumbent President Bola Tinubu and a trader from Edo State, Stanley Osifo. According to the document, results generated at the ward level will first be collated at the local government level before being forwarded to state coordinators for onward transmission to the Presidential Primary Election Committee in Abuja on 24 May. The party named former Senate President, Pius Anyim, as chairman of the Presidential Primary Election Committee. Other members are former Senate President Ken Nnamani, former Senate Leader Victor Ndoma-Egba, former Deputy Speaker of the House of Representatives, Yakubu Dogara, former Kogi governor Idris Wada, and former Kwara deputy governor Grace Titi Laoye-Ponle. The committee secretary is Sanusi Musa. For the appeal committee, the APC appointed former Katsina governor Aminu Bello Masari as chairman, while Samuel Piwuna will serve as secretary. Former Speaker of the House of Representatives, Patricia Etteh, was also listed as a member. The party also announced the appointment of coordinators and collation officers for the 36 states and the Federal Capital Territory. Those named include Imo governor Hope Uzodimma for Imo, Kwara governor AbdulRahman AbdulRazaq for Kwara, Adamawa governor Ahmadu Umaru Fintiri for Adamawa, Kano governor Abba Kabir Yusuf for Kano, Lagos governor Babajide Sanwo-Olu for Lagos, Rivers governor Siminalayi Fubara for Rivers, and Coordinating Minister of Health Muhammad Al",2026-05-22T07:43:09+00:00,premium_times,https://www.premiumtimesng.com/news/top-news/881809-2027-apc-adopts-direct-primary-for-presidential-ticket-names-election-committee.html,0,
"Tinubu’s reforms reviving mining sector, attracting new investments – Minister","Minister of Solid Minerals Development, Dele Alake, says the economic reforms introduced by President Bola Tinubu are beginning to reposition the country’s mining sector and attract new investments into mineral processing and local value addition. Mr Alake disclosed this in a post shared on his official X page on Thursday following his participation at a joint stakeholders’ sensitisation meeting organised by the Nigeria Revenue Service and the Ministry of Solid Minerals Development in Abuja. According to the minister, Nigeria’s overdependence on crude oil and imports for decades contributed to the neglect of other critical sectors of the economy, including mining. He, however, said the ongoing reforms by the Tinubu administration are gradually changing the situation and opening up opportunities for investment and industrial growth. Follow us on Google News and never miss breaking stories, investigations, and in-depth reporting. “I spoke about how the tough but necessary reforms introduced by President Bola Ahmed Tinubu are beginning to reposition our economy for growth,” he wrote. He noted that the government is already witnessing increased investments in lithium processing, gold refining and local mineral value addition across the country. According to him, the investments are expected to create jobs, improve investor confidence and strengthen the economy. “Today, we are seeing real progress. New investments in lithium processing, gold refining, and local value addition are creating jobs, boosting investor confidence, and strengthening our economy,” he stated. Mr Alake also said the government is intensifying efforts to tackle illegal mining activities while pursuing reforms aimed at building a more transparent and responsible mining industry. “We are also taking firm action against illegal mining while building a more transparent and responsible mining sector that works for Nigerians,” he added. The federal government has in recent months stepped up efforts to reposition the solid minerals sector as part of broader plans to diversify the economy, increase revenue generation and reduce dependence on oil exports. The ministry has also repeatedly emphasised local processing and value addition as part of its strategy to maximise the economic benefits of Nigeria’s mineral resources. Follow us on Google News and never miss breaking stories, investigations, and in-depth reporting.",2026-05-22T07:27:17+00:00,premium_times,https://www.premiumtimesng.com/business/business-news/881805-tinubus-reforms-reviving-mining-sector-attracting-new-investments-minister.html,0,
Super Eagles’ Raphael Onyedika wins Belgian League title,"Super Eagles midfielder Raphael Onyedika added another major honour to his rapidly growing trophy collection after helping Club Brugge KV secure the 2025/26 Belgian Pro League title on Thursday night. The Belgian giants were officially crowned champions following a tense 2-2 draw away to K.V. Mechelen, a result that kept Brugge ahead of closest challengers Royale Union Saint-Gilloise with one game still remaining in the Championship Playoffs. The title triumph completed a remarkable turnaround for Brugge, who had entered the playoff phase trailing Union SG after the regular season campaign. Union finished the first stage of the Belgian top flight with 66 points, while Brugge sat three points behind on 63. However, Belgium’s unique playoff format halved the points totals before the start of the six-team Championship Playoff, reopening the title race and giving Brugge renewed belief. Follow us on Google News and never miss breaking stories, investigations, and in-depth reporting. While Union SG stumbled at crucial stages against Gent and Sint-Truiden, Brugge found consistency and ruthlessness exactly when it mattered most. Important away victories over K.A.A. Gent and R.S.C. Anderlecht dragged them back into contention before their emphatic 5-0 demolition of Union SG at the Jan Breydel Stadium completely transformed the title race. That crushing victory effectively broke the psychological balance of the championship battle and handed Brugge control heading into the closing stretch of the season. Against Mechelen on Thursday, Greek winger Christos Tzolis gave Brugge the perfect start after opening the scoring in the 16th minute. Nicolò Tresoldi doubled the visitors’ advantage shortly after half-time as the champions appeared to be cruising towards victory. Mechelen fought back strongly in the closing stages and eventually rescued a 2-2 draw after an unfortunate 86th-minute own goal. Despite surrendering the lead late on, the single point proved enough to officially confirm Brugge as Belgian champions for a 20th time. Onyedika was an unused substitute on the night, but the Nigerian midfielder had already played a major role throughout the campaign before falling slightly down the pecking order towards the closing weeks of the season. The former FC Midtjylland midfielder remained one of Brugge’s most reliable performers for much of the campaign, using his energy, ball-winning ability, positional discipline and composure in possession to help the team control difficult matches both domestically and in Europe. Since arriving in Belgium in 2022, Onyedika has steadily developed into one of the strongest midfielders in the Belgian league and one of Nigeria’s most consistent exports in European football. The 25-year-old has now won six major trophies during his senior career. Four of those honours have come with Club Brugge, including two Belgian Pro League titles, the Belgian Cup and the Belgian Super Cup. Before his move to Belgium, he also lifted both th",2026-05-22T06:36:55+00:00,premium_times,https://www.premiumtimesng.com/sports/football/881795-super-eagles-raphael-onyedika-wins-belgian-league-title.html,0,
,URGENT SHARE NOW: CONFIRMED!!! BISHOP OYEDEPO SENTENCED TO PRISON BREAKING OVERNIGHT. FORWARD IMMEDIATELY TO ALL WHATSAPP GROUPS!,,synthetic,,1,generated_fake
,BREAKING NEWS: SHOCKING!!! Pastor Adeboye arrested leaked documents reveal. SHARE TO ALL GROUPS! DON'T IGNORE THIS!,,synthetic,,1,generated_fake
,URGENT SHARE NOW: CONFIRMED!!! PRESIDENT TINUBU ANNOUNCES NEW TAX CONFIDENTIAL SOURCES CONFIRM. FORWARD IMMEDIATELY TO ALL WHATSAPP GROUPS!,,synthetic,,1,generated_fake
,BREAKING NEWS: SHOCKING!!! Governor Sanwo-Olu dies suddenly leaked documents reveal. SHARE TO ALL GROUPS! DON'T IGNORE THIS!,,synthetic,,1,generated_fake
,URGENT SHARE NOW: CONFIRMED!!! EFCC RESIGNS BREAKING OVERNIGHT. FORWARD IMMEDIATELY TO ALL WHATSAPP GROUPS!,,synthetic,,1,generated_fake
,URGENT SHARE NOW: CONFIRMED!!! BISHOP OYEDEPO DIES SUDDENLY IN SHOCKING DEVELOPMENT. FORWARD IMMEDIATELY TO ALL WHATSAPP GROUPS!,,synthetic,,1,generated_fake
,URGENT SHARE NOW: CONFIRMED!!! Dangote sentenced to prison after emergency meeting. Forward immediately to all WhatsApp groups!,,synthetic,,1,generated_fake
,URGENT SHARE NOW: CONFIRMED!!! Governor Sanwo-Olu suspends all banks after emergency meeting. Forward immediately to all WhatsApp groups!,,synthetic,,1,generated_fake
,BREAKING NEWS: SHOCKING!!! President Tinubu resigns leaked documents reveal. SHARE TO ALL GROUPS! DON'T IGNORE THIS!,,synthetic,,1,generated_fake
,URGENT SHARE NOW: CONFIRMED!!! APC fired effective immediately. Forward immediately to all WhatsApp groups!,,synthetic,,1,generated_fake
,CONFIRMED!!! BISHOP OYEDEPO ANNOUNCES NEW TAX AFTER EMERGENCY MEETING. THIS IS A MUST READ! SHARE NOW!,,synthetic,,1,generated_fake
,BREAKING NEWS: SHOCKING!!! GOVERNOR SANWO-OLU SENTENCED TO PRISON EFFECTIVE IMMEDIATELY. SHARE TO ALL GROUPS! DON'T IGNORE THIS!,,synthetic,,1,generated_fake
,BREAKING NEWS: SHOCKING!!! PDP ARRESTED IN SHOCKING DEVELOPMENT. SHARE TO ALL GROUPS! DON'T IGNORE THIS!,,synthetic,,1,generated_fake
,URGENT SHARE NOW: CONFIRMED!!! INEC resigns breaking overnight. Forward immediately to all WhatsApp groups!,,synthetic,,1,generated_fake
,URGENT SHARE NOW: CONFIRMED!!! PDP FLEES COUNTRY IN SHOCKING DEVELOPMENT. FORWARD IMMEDIATELY TO ALL WHATSAPP GROUPS!,,synthetic,,1,generated_fake
,URGENT SHARE NOW: CONFIRMED!!! CBN resigns after emergency meeting. Forward immediately to all WhatsApp groups!,,synthetic,,1,generated_fake
,BREAKING NEWS: SHOCKING!!! INEC announces new tax leaked documents reveal. SHARE TO ALL GROUPS! DON'T IGNORE THIS!,,synthetic,,1,generated_fake
,BREAKING NEWS: SHOCKING!!! PASTOR ADEBOYE DIES SUDDENLY IN SHOCKING DEVELOPMENT. SHARE TO ALL GROUPS! DON'T IGNORE THIS!,,synthetic,,1,generated_fake
,URGENT SHARE NOW: CONFIRMED!!! APC RESIGNS EFFECTIVE IMMEDIATELY. FORWARD IMMEDIATELY TO ALL WHATSAPP GROUPS!,,synthetic,,1,generated_fake
,URGENT SHARE NOW: CONFIRMED!!! Pastor Adeboye bans WhatsApp after emergency meeting. Forward immediately to all WhatsApp groups!,,synthetic,,1,generated_fake
,URGENT SHARE NOW: CONFIRMED!!! Bishop Oyedepo dies suddenly confidential sources confirm. Forward immediately to all WhatsApp groups!,,synthetic,,1,generated_fake
,URGENT SHARE NOW: CONFIRMED!!! EFCC suspends all banks after emergency meeting. Forward immediately to all WhatsApp groups!,,synthetic,,1,generated_fake
,BREAKING NEWS: SHOCKING!!! Dangote fired after emergency meeting. SHARE TO ALL GROUPS! DON'T IGNORE THIS!,,synthetic,,1,generated_fake
,BREAKING NEWS: SHOCKING!!! APC resigns after emergency meeting. SHARE TO ALL GROUPS! DON'T IGNORE THIS!,,synthetic,,1,generated_fake
,URGENT SHARE NOW: CONFIRMED!!! EFCC DIES SUDDENLY LEAKED DOCUMENTS REVEAL. FORWARD IMMEDIATELY TO ALL WHATSAPP GROUPS!,,synthetic,,1,generated_fake
,BREAKING NEWS: SHOCKING!!! EFCC DIES SUDDENLY LEAKED DOCUMENTS REVEAL. SHARE TO ALL GROUPS! DON'T IGNORE THIS!,,synthetic,,1,generated_fake
,URGENT SHARE NOW: CONFIRMED!!! Pastor Adeboye bans WhatsApp effective immediately. Forward immediately to all WhatsApp groups!,,synthetic,,1,generated_fake
,URGENT SHARE NOW: CONFIRMED!!! CBN DIES SUDDENLY BREAKING OVERNIGHT. FORWARD IMMEDIATELY TO ALL WHATSAPP GROUPS!,,synthetic,,1,generated_fake
,BREAKING NEWS: SHOCKING!!! CBN RESIGNS EFFECTIVE IMMEDIATELY. SHARE TO ALL GROUPS! DON'T IGNORE THIS!,,synthetic,,1,generated_fake
,URGENT SHARE NOW: CONFIRMED!!! APC SENTENCED TO PRISON CONFIDENTIAL SOURCES CONFIRM. FORWARD IMMEDIATELY TO ALL WHATSAPP GROUPS!,,synthetic,,1,generated_fake
,BREAKING NEWS: SHOCKING!!! Pastor Adeboye announces new tax breaking overnight. SHARE TO ALL GROUPS! DON'T IGNORE THIS!,,synthetic,,1,generated_fake
,URGENT SHARE NOW: CONFIRMED!!! APC FIRED IN SHOCKING DEVELOPMENT. FORWARD IMMEDIATELY TO ALL WHATSAPP GROUPS!,,synthetic,,1,generated_fake
,BREAKING NEWS: SHOCKING!!! PDP DIES SUDDENLY CONFIDENTIAL SOURCES CONFIRM. SHARE TO ALL GROUPS! DON'T IGNORE THIS!,,synthetic,,1,generated_fake
,URGENT SHARE NOW: CONFIRMED!!! INEC DIES SUDDENLY LEAKED DOCUMENTS REVEAL. FORWARD IMMEDIATELY TO ALL WHATSAPP GROUPS!,,synthetic,,1,generated_fake
,BREAKING NEWS: SHOCKING!!! EFCC announces new tax effective immediately. SHARE TO ALL GROUPS! DON'T IGNORE THIS!,,synthetic,,1,generated_fake
,URGENT SHARE NOW: CONFIRMED!!! APC resigns confidential sources confirm. Forward immediately to all WhatsApp groups!,,synthetic,,1,generated_fake
,URGENT SHARE NOW: CONFIRMED!!! PASTOR ADEBOYE SENTENCED TO PRISON IN SHOCKING DEVELOPMENT. FORWARD IMMEDIATELY TO ALL WHATSAPP GROUPS!,,synthetic,,1,generated_fake
,BREAKING NEWS: SHOCKING!!! President Tinubu bans WhatsApp after emergency meeting. SHARE TO ALL GROUPS! DON'T IGNORE THIS!,,synthetic,,1,generated_fake
,URGENT SHARE NOW: CONFIRMED!!! BISHOP OYEDEPO SUSPENDS ALL BANKS AFTER EMERGENCY MEETING. FORWARD IMMEDIATELY TO ALL WHATSAPP GROUPS!,,synthetic,,1,generated_fake
,URGENT SHARE NOW: CONFIRMED!!! EFCC FLEES COUNTRY IN SHOCKING DEVELOPMENT. FORWARD IMMEDIATELY TO ALL WHATSAPP GROUPS!,,synthetic,,1,generated_fake
,URGENT SHARE NOW: CONFIRMED!!! CBN BANS WHATSAPP AFTER EMERGENCY MEETING. FORWARD IMMEDIATELY TO ALL WHATSAPP GROUPS!,,synthetic,,1,generated_fake
,BREAKING NEWS: SHOCKING!!! GOVERNOR SANWO-OLU ARRESTED IN SHOCKING DEVELOPMENT. SHARE TO ALL GROUPS! DON'T IGNORE THIS!,,synthetic,,1,generated_fake
,BREAKING NEWS: SHOCKING!!! Dangote flees country after emergency meeting. SHARE TO ALL GROUPS! DON'T IGNORE THIS!,,synthetic,,1,generated_fake
,BREAKING NEWS: SHOCKING!!! APC sentenced to prison breaking overnight. SHARE TO ALL GROUPS! DON'T IGNORE THIS!,,synthetic,,1,generated_fake
,BREAKING NEWS: SHOCKING!!! PDP dies suddenly confidential sources confirm. SHARE TO ALL GROUPS! DON'T IGNORE THIS!,,synthetic,,1,generated_fake
,URGENT SHARE NOW: CONFIRMED!!! CBN FIRED EFFECTIVE IMMEDIATELY. FORWARD IMMEDIATELY TO ALL WHATSAPP GROUPS!,,synthetic,,1,generated_fake
,BREAKING NEWS: SHOCKING!!! CBN SUSPENDS ALL BANKS CONFIDENTIAL SOURCES CONFIRM. SHARE TO ALL GROUPS! DON'T IGNORE THIS!,,synthetic,,1,generated_fake
,BREAKING NEWS: SHOCKING!!! PASTOR ADEBOYE BANS WHATSAPP LEAKED DOCUMENTS REVEAL. SHARE TO ALL GROUPS! DON'T IGNORE THIS!,,synthetic,,1,generated_fake
,BREAKING NEWS: SHOCKING!!! GOVERNOR SANWO-OLU FIRED CONFIDENTIAL SOURCES CONFIRM. SHARE TO ALL GROUPS! DON'T IGNORE THIS!,,synthetic,,1,generated_fake
,URGENT SHARE NOW: CONFIRMED!!! CBN sentenced to prison effective immediately. Forward immediately to all WhatsApp groups!,,synthetic,,1,generated_fake
,URGENT SHARE NOW: CONFIRMED!!! PDP sentenced to prison after emergency meeting. Forward immediately to all WhatsApp groups!,,synthetic,,1,generated_fake
,URGENT SHARE NOW: CONFIRMED!!! INEC RESIGNS EFFECTIVE IMMEDIATELY. FORWARD IMMEDIATELY TO ALL WHATSAPP GROUPS!,,synthetic,,1,generated_fake
,URGENT SHARE NOW: CONFIRMED!!! BISHOP OYEDEPO FLEES COUNTRY AFTER EMERGENCY MEETING. FORWARD IMMEDIATELY TO ALL WHATSAPP GROUPS!,,synthetic,,1,generated_fake
,CONFIRMED!!! PRESIDENT TINUBU FLEES COUNTRY CONFIDENTIAL SOURCES CONFIRM. THIS IS A MUST READ! SHARE NOW!,,synthetic,,1,generated_fake
,BREAKING NEWS: SHOCKING!!! Bishop Oyedepo arrested in shocking development. SHARE TO ALL GROUPS! DON'T IGNORE THIS!,,synthetic,,1,generated_fake
,URGENT SHARE NOW: CONFIRMED!!! BISHOP OYEDEPO DIES SUDDENLY AFTER EMERGENCY MEETING. FORWARD IMMEDIATELY TO ALL WHATSAPP GROUPS!,,synthetic,,1,generated_fake
,URGENT SHARE NOW: CONFIRMED!!! Dangote announces new tax breaking overnight. Forward immediately to all WhatsApp groups!,,synthetic,,1,generated_fake
,YOU WON'T BELIEVE: Governor Sanwo-Olu sentenced to prison confidential sources confirm. READ AND SHARE!!!,,synthetic,,1,generated_fake
,URGENT SHARE NOW: CONFIRMED!!! EFCC suspends all banks in shocking development. Forward immediately to all WhatsApp groups!,,synthetic,,1,generated_fake
,URGENT SHARE NOW: CONFIRMED!!! Governor Sanwo-Olu sentenced to prison after emergency meeting. Forward immediately to all WhatsApp groups!,,synthetic,,1,generated_fake
,URGENT SHARE NOW: CONFIRMED!!! Dangote arrested after emergency meeting. Forward immediately to all WhatsApp groups!,,synthetic,,1,generated_fake
,BREAKING NEWS: SHOCKING!!! BISHOP OYEDEPO SENTENCED TO PRISON IN SHOCKING DEVELOPMENT. SHARE TO ALL GROUPS! DON'T IGNORE THIS!,,synthetic,,1,generated_fake
,URGENT SHARE NOW: CONFIRMED!!! CBN ANNOUNCES NEW TAX CONFIDENTIAL SOURCES CONFIRM. FORWARD IMMEDIATELY TO ALL WHATSAPP GROUPS!,,synthetic,,1,generated_fake
,BREAKING NEWS: SHOCKING!!! President Tinubu dies suddenly after emergency meeting. SHARE TO ALL GROUPS! DON'T IGNORE THIS!,,synthetic,,1,generated_fake
,BREAKING NEWS: SHOCKING!!! APC suspends all banks in shocking development. SHARE TO ALL GROUPS! DON'T IGNORE THIS!,,synthetic,,1,generated_fake
,BREAKING NEWS: SHOCKING!!! APC DIES SUDDENLY BREAKING OVERNIGHT. SHARE TO ALL GROUPS! DON'T IGNORE THIS!,,synthetic,,1,generated_fake
,URGENT SHARE NOW: CONFIRMED!!! INEC bans WhatsApp breaking overnight. Forward immediately to all WhatsApp groups!,,synthetic,,1,generated_fake
,BREAKING NEWS: SHOCKING!!! CBN FLEES COUNTRY BREAKING OVERNIGHT. SHARE TO ALL GROUPS! DON'T IGNORE THIS!,,synthetic,,1,generated_fake
,URGENT SHARE NOW: CONFIRMED!!! PRESIDENT TINUBU FLEES COUNTRY AFTER EMERGENCY MEETING. FORWARD IMMEDIATELY TO ALL WHATSAPP GROUPS!,,synthetic,,1,generated_fake
,BREAKING NEWS: SHOCKING!!! President Tinubu flees country in shocking development. SHARE TO ALL GROUPS! DON'T IGNORE THIS!,,synthetic,,1,generated_fake
,URGENT SHARE NOW: CONFIRMED!!! PASTOR ADEBOYE ANNOUNCES NEW TAX IN SHOCKING DEVELOPMENT. FORWARD IMMEDIATELY TO ALL WHATSAPP GROUPS!,,synthetic,,1,generated_fake
,BREAKING NEWS: SHOCKING!!! CBN suspends all banks after emergency meeting. SHARE TO ALL GROUPS! DON'T IGNORE THIS!,,synthetic,,1,generated_fake
,URGENT SHARE NOW: CONFIRMED!!! PASTOR ADEBOYE DIES SUDDENLY BREAKING OVERNIGHT. FORWARD IMMEDIATELY TO ALL WHATSAPP GROUPS!,,synthetic,,1,generated_fake
,BREAKING NEWS: SHOCKING!!! PASTOR ADEBOYE ANNOUNCES NEW TAX IN SHOCKING DEVELOPMENT. SHARE TO ALL GROUPS! DON'T IGNORE THIS!,,synthetic,,1,generated_fake
,BREAKING NEWS: SHOCKING!!! APC suspends all banks leaked documents reveal. SHARE TO ALL GROUPS! DON'T IGNORE THIS!,,synthetic,,1,generated_fake
,BREAKING NEWS: SHOCKING!!! CBN SENTENCED TO PRISON CONFIDENTIAL SOURCES CONFIRM. SHARE TO ALL GROUPS! DON'T IGNORE THIS!,,synthetic,,1,generated_fake
,URGENT SHARE NOW: CONFIRMED!!! PDP DIES SUDDENLY IN SHOCKING DEVELOPMENT. FORWARD IMMEDIATELY TO ALL WHATSAPP GROUPS!,,synthetic,,1,generated_fake
,URGENT SHARE NOW: CONFIRMED!!! PRESIDENT TINUBU DIES SUDDENLY BREAKING OVERNIGHT. FORWARD IMMEDIATELY TO ALL WHATSAPP GROUPS!,,synthetic,,1,generated_fake
,BREAKING NEWS: SHOCKING!!! APC SUSPENDS ALL BANKS CONFIDENTIAL SOURCES CONFIRM. SHARE TO ALL GROUPS! DON'T IGNORE THIS!,,synthetic,,1,generated_fake
,URGENT SHARE NOW: CONFIRMED!!! APC FLEES COUNTRY AFTER EMERGENCY MEETING. FORWARD IMMEDIATELY TO ALL WHATSAPP GROUPS!,,synthetic,,1,generated_fake
,URGENT SHARE NOW: CONFIRMED!!! BISHOP OYEDEPO SUSPENDS ALL BANKS BREAKING OVERNIGHT. FORWARD IMMEDIATELY TO ALL WHATSAPP GROUPS!,,synthetic,,1,generated_fake
,BREAKING NEWS: SHOCKING!!! DANGOTE BANS WHATSAPP AFTER EMERGENCY MEETING. SHARE TO ALL GROUPS! DON'T IGNORE THIS!,,synthetic,,1,generated_fake
,BREAKING NEWS: SHOCKING!!! CBN ARRESTED AFTER EMERGENCY MEETING. SHARE TO ALL GROUPS! DON'T IGNORE THIS!,,synthetic,,1,generated_fake
,URGENT SHARE NOW: CONFIRMED!!! EFCC suspends all banks effective immediately. Forward immediately to all WhatsApp groups!,,synthetic,,1,generated_fake
,URGENT SHARE NOW: CONFIRMED!!! PDP ARRESTED IN SHOCKING DEVELOPMENT. FORWARD IMMEDIATELY TO ALL WHATSAPP GROUPS!,,synthetic,,1,generated_fake
,BREAKING NEWS: SHOCKING!!! Bishop Oyedepo flees country confidential sources confirm. SHARE TO ALL GROUPS! DON'T IGNORE THIS!,,synthetic,,1,generated_fake
,BREAKING NEWS: SHOCKING!!! APC ANNOUNCES NEW TAX CONFIDENTIAL SOURCES CONFIRM. SHARE TO ALL GROUPS! DON'T IGNORE THIS!,,synthetic,,1,generated_fake
,CONFIRMED!!! BISHOP OYEDEPO SUSPENDS ALL BANKS IN SHOCKING DEVELOPMENT. THIS IS A MUST READ! SHARE NOW!,,synthetic,,1,generated_fake
,BREAKING NEWS: SHOCKING!!! President Tinubu bans WhatsApp breaking overnight. SHARE TO ALL GROUPS! DON'T IGNORE THIS!,,synthetic,,1,generated_fake
,BREAKING NEWS: SHOCKING!!! PDP suspends all banks breaking overnight. SHARE TO ALL GROUPS! DON'T IGNORE THIS!,,synthetic,,1,generated_fake
,URGENT SHARE NOW: CONFIRMED!!! INEC fired breaking overnight. Forward immediately to all WhatsApp groups!,,synthetic,,1,generated_fake
,BREAKING NEWS: SHOCKING!!! APC announces new tax breaking overnight. SHARE TO ALL GROUPS! DON'T IGNORE THIS!,,synthetic,,1,generated_fake
,URGENT SHARE NOW: CONFIRMED!!! CBN SUSPENDS ALL BANKS AFTER EMERGENCY MEETING. FORWARD IMMEDIATELY TO ALL WHATSAPP GROUPS!,,synthetic,,1,generated_fake
,BREAKING NEWS: SHOCKING!!! PDP flees country breaking overnight. SHARE TO ALL GROUPS! DON'T IGNORE THIS!,,synthetic,,1,generated_fake
,BREAKING NEWS: SHOCKING!!! Bishop Oyedepo announces new tax breaking overnight. SHARE TO ALL GROUPS! DON'T IGNORE THIS!,,synthetic,,1,generated_fake
,BREAKING NEWS: SHOCKING!!! Governor Sanwo-Olu arrested in shocking development. SHARE TO ALL GROUPS! DON'T IGNORE THIS!,,synthetic,,1,generated_fake
,CONFIRMED!!! Governor Sanwo-Olu sentenced to prison in shocking development. This is a MUST READ! Share now!,,synthetic,,1,generated_fake
,URGENT SHARE NOW: CONFIRMED!!! President Tinubu flees country after emergency meeting. Forward immediately to all WhatsApp groups!,,synthetic,,1,generated_fake
,URGENT SHARE NOW: CONFIRMED!!! APC announces new tax effective immediately. Forward immediately to all WhatsApp groups!,,synthetic,,1,generated_fake
,BREAKING NEWS: SHOCKING!!! Dangote bans WhatsApp breaking overnight. SHARE TO ALL GROUPS! DON'T IGNORE THIS!,,synthetic,,1,generated_fake
,URGENT SHARE NOW: CONFIRMED!!! PRESIDENT TINUBU BANS WHATSAPP LEAKED DOCUMENTS REVEAL. FORWARD IMMEDIATELY TO ALL WHATSAPP GROUPS!,,synthetic,,1,generated_fake
,BREAKING NEWS: SHOCKING!!! PDP fired in shocking development. SHARE TO ALL GROUPS! DON'T IGNORE THIS!,,synthetic,,1,generated_fake
,URGENT SHARE NOW: CONFIRMED!!! Dangote flees country after emergency meeting. Forward immediately to all WhatsApp groups!,,synthetic,,1,generated_fake
,URGENT SHARE NOW: CONFIRMED!!! INEC sentenced to prison in shocking development. Forward immediately to all WhatsApp groups!,,synthetic,,1,generated_fake
,BREAKING NEWS: SHOCKING!!! President Tinubu dies suddenly breaking overnight. SHARE TO ALL GROUPS! DON'T IGNORE THIS!,,synthetic,,1,generated_fake
,URGENT SHARE NOW: CONFIRMED!!! BISHOP OYEDEPO SENTENCED TO PRISON EFFECTIVE IMMEDIATELY. FORWARD IMMEDIATELY TO ALL WHATSAPP GROUPS!,,synthetic,,1,generated_fake
,CONFIRMED!!! GOVERNOR SANWO-OLU FLEES COUNTRY LEAKED DOCUMENTS REVEAL. THIS IS A MUST READ! SHARE NOW!,,synthetic,,1,generated_fake
,BREAKING NEWS: SHOCKING!!! PDP RESIGNS LEAKED DOCUMENTS REVEAL. SHARE TO ALL GROUPS! DON'T IGNORE THIS!,,synthetic,,1,generated_fake
,BREAKING NEWS: SHOCKING!!! CBN resigns effective immediately. SHARE TO ALL GROUPS! DON'T IGNORE THIS!,,synthetic,,1,generated_fake
,CONFIRMED!!! Governor Sanwo-Olu suspends all banks in shocking development. This is a MUST READ! Share now!,,synthetic,,1,generated_fake
,URGENT SHARE NOW: CONFIRMED!!! PASTOR ADEBOYE FIRED CONFIDENTIAL SOURCES CONFIRM. FORWARD IMMEDIATELY TO ALL WHATSAPP GROUPS!,,synthetic,,1,generated_fake
,URGENT SHARE NOW: CONFIRMED!!! EFCC fired confidential sources confirm. Forward immediately to all WhatsApp groups!,,synthetic,,1,generated_fake
,URGENT SHARE NOW: CONFIRMED!!! GOVERNOR SANWO-OLU FLEES COUNTRY IN SHOCKING DEVELOPMENT. FORWARD IMMEDIATELY TO ALL WHATSAPP GROUPS!,,synthetic,,1,generated_fake
,BREAKING NEWS: SHOCKING!!! PASTOR ADEBOYE DIES SUDDENLY LEAKED DOCUMENTS REVEAL. SHARE TO ALL GROUPS! DON'T IGNORE THIS!,,synthetic,,1,generated_fake
,URGENT SHARE NOW: CONFIRMED!!! PASTOR ADEBOYE RESIGNS LEAKED DOCUMENTS REVEAL. FORWARD IMMEDIATELY TO ALL WHATSAPP GROUPS!,,synthetic,,1,generated_fake
,BREAKING NEWS: SHOCKING!!! EFCC suspends all banks after emergency meeting. SHARE TO ALL GROUPS! DON'T IGNORE THIS!,,synthetic,,1,generated_fake
,URGENT SHARE NOW: CONFIRMED!!! EFCC bans WhatsApp confidential sources confirm. Forward immediately to all WhatsApp groups!,,synthetic,,1,generated_fake
,URGENT SHARE NOW: CONFIRMED!!! PDP arrested after emergency meeting. Forward immediately to all WhatsApp groups!,,synthetic,,1,generated_fake
,BREAKING NEWS: SHOCKING!!! EFCC SUSPENDS ALL BANKS CONFIDENTIAL SOURCES CONFIRM. SHARE TO ALL GROUPS! DON'T IGNORE THIS!,,synthetic,,1,generated_fake
,BREAKING NEWS: SHOCKING!!! PDP FLEES COUNTRY AFTER EMERGENCY MEETING. SHARE TO ALL GROUPS! DON'T IGNORE THIS!,,synthetic,,1,generated_fake
,CONFIRMED!!! PRESIDENT TINUBU BANS WHATSAPP CONFIDENTIAL SOURCES CONFIRM. THIS IS A MUST READ! SHARE NOW!,,synthetic,,1,generated_fake
,URGENT SHARE NOW: CONFIRMED!!! BISHOP OYEDEPO ARRESTED LEAKED DOCUMENTS REVEAL. FORWARD IMMEDIATELY TO ALL WHATSAPP GROUPS!,,synthetic,,1,generated_fake
,URGENT SHARE NOW: CONFIRMED!!! PDP BANS WHATSAPP BREAKING OVERNIGHT. FORWARD IMMEDIATELY TO ALL WHATSAPP GROUPS!,,synthetic,,1,generated_fake
,URGENT SHARE NOW: CONFIRMED!!! President Tinubu suspends all banks effective immediately. Forward immediately to all WhatsApp groups!,,synthetic,,1,generated_fake
,URGENT SHARE NOW: CONFIRMED!!! PDP ANNOUNCES NEW TAX EFFECTIVE IMMEDIATELY. FORWARD IMMEDIATELY TO ALL WHATSAPP GROUPS!,,synthetic,,1,generated_fake
,URGENT SHARE NOW: CONFIRMED!!! INEC dies suddenly confidential sources confirm. Forward immediately to all WhatsApp groups!,,synthetic,,1,generated_fake
,BREAKING NEWS: SHOCKING!!! INEC SENTENCED TO PRISON LEAKED DOCUMENTS REVEAL. SHARE TO ALL GROUPS! DON'T IGNORE THIS!,,synthetic,,1,generated_fake
,URGENT SHARE NOW: CONFIRMED!!! INEC flees country effective immediately. Forward immediately to all WhatsApp groups!,,synthetic,,1,generated_fake
,URGENT SHARE NOW: CONFIRMED!!! Governor Sanwo-Olu flees country breaking overnight. Forward immediately to all WhatsApp groups!,,synthetic,,1,generated_fake
,URGENT SHARE NOW: CONFIRMED!!! APC RESIGNS BREAKING OVERNIGHT. FORWARD IMMEDIATELY TO ALL WHATSAPP GROUPS!,,synthetic,,1,generated_fake
,BREAKING NEWS: SHOCKING!!! BISHOP OYEDEPO FLEES COUNTRY LEAKED DOCUMENTS REVEAL. SHARE TO ALL GROUPS! DON'T IGNORE THIS!,,synthetic,,1,generated_fake
,URGENT SHARE NOW: CONFIRMED!!! President Tinubu flees country in shocking development. Forward immediately to all WhatsApp groups!,,synthetic,,1,generated_fake
,URGENT SHARE NOW: CONFIRMED!!! PRESIDENT TINUBU FIRED EFFECTIVE IMMEDIATELY. FORWARD IMMEDIATELY TO ALL WHATSAPP GROUPS!,,synthetic,,1,generated_fake
,URGENT SHARE NOW: CONFIRMED!!! APC SENTENCED TO PRISON IN SHOCKING DEVELOPMENT. FORWARD IMMEDIATELY TO ALL WHATSAPP GROUPS!,,synthetic,,1,generated_fake
,BREAKING NEWS: SHOCKING!!! INEC suspends all banks in shocking development. SHARE TO ALL GROUPS! DON'T IGNORE THIS!,,synthetic,,1,generated_fake
,URGENT SHARE NOW: CONFIRMED!!! BISHOP OYEDEPO RESIGNS IN SHOCKING DEVELOPMENT. FORWARD IMMEDIATELY TO ALL WHATSAPP GROUPS!,,synthetic,,1,generated_fake
,URGENT SHARE NOW: CONFIRMED!!! DANGOTE ARRESTED CONFIDENTIAL SOURCES CONFIRM. FORWARD IMMEDIATELY TO ALL WHATSAPP GROUPS!,,synthetic,,1,generated_fake
,URGENT SHARE NOW: CONFIRMED!!! Bishop Oyedepo flees country leaked documents reveal. Forward immediately to all WhatsApp groups!,,synthetic,,1,generated_fake
,URGENT SHARE NOW: CONFIRMED!!! BISHOP OYEDEPO BANS WHATSAPP EFFECTIVE IMMEDIATELY. FORWARD IMMEDIATELY TO ALL WHATSAPP GROUPS!,,synthetic,,1,generated_fake
,CONFIRMED!!! PRESIDENT TINUBU SUSPENDS ALL BANKS AFTER EMERGENCY MEETING. THIS IS A MUST READ! SHARE NOW!,,synthetic,,1,generated_fake
,URGENT SHARE NOW: CONFIRMED!!! CBN BANS WHATSAPP LEAKED DOCUMENTS REVEAL. FORWARD IMMEDIATELY TO ALL WHATSAPP GROUPS!,,synthetic,,1,generated_fake
,BREAKING NEWS: SHOCKING!!! GOVERNOR SANWO-OLU ANNOUNCES NEW TAX BREAKING OVERNIGHT. SHARE TO ALL GROUPS! DON'T IGNORE THIS!,,synthetic,,1,generated_fake
,BREAKING NEWS: SHOCKING!!! CBN announces new tax confidential sources confirm. SHARE TO ALL GROUPS! DON'T IGNORE THIS!,,synthetic,,1,generated_fake
,BREAKING NEWS: SHOCKING!!! APC SENTENCED TO PRISON BREAKING OVERNIGHT. SHARE TO ALL GROUPS! DON'T IGNORE THIS!,,synthetic,,1,generated_fake
,BREAKING NEWS: SHOCKING!!! PDP sentenced to prison effective immediately. SHARE TO ALL GROUPS! DON'T IGNORE THIS!,,synthetic,,1,generated_fake
,BREAKING NEWS: SHOCKING!!! CBN DIES SUDDENLY IN SHOCKING DEVELOPMENT. SHARE TO ALL GROUPS! DON'T IGNORE THIS!,,synthetic,,1,generated_fake
,BREAKING NEWS: SHOCKING!!! APC announces new tax leaked documents reveal. SHARE TO ALL GROUPS! DON'T IGNORE THIS!,,synthetic,,1,generated_fake
,BREAKING NEWS: SHOCKING!!! EFCC ARRESTED LEAKED DOCUMENTS REVEAL. SHARE TO ALL GROUPS! DON'T IGNORE THIS!,,synthetic,,1,generated_fake
,BREAKING NEWS: SHOCKING!!! DANGOTE BANS WHATSAPP EFFECTIVE IMMEDIATELY. SHARE TO ALL GROUPS! DON'T IGNORE THIS!,,synthetic,,1,generated_fake
,BREAKING NEWS: SHOCKING!!! EFCC sentenced to prison in shocking development. SHARE TO ALL GROUPS! DON'T IGNORE THIS!,,synthetic,,1,generated_fake
,BREAKING NEWS: SHOCKING!!! EFCC FLEES COUNTRY AFTER EMERGENCY MEETING. SHARE TO ALL GROUPS! DON'T IGNORE THIS!,,synthetic,,1,generated_fake
,BREAKING NEWS: SHOCKING!!! Bishop Oyedepo suspends all banks after emergency meeting. SHARE TO ALL GROUPS! DON'T IGNORE THIS!,,synthetic,,1,generated_fake
,BREAKING NEWS: SHOCKING!!! EFCC SUSPENDS ALL BANKS EFFECTIVE IMMEDIATELY. SHARE TO ALL GROUPS! DON'T IGNORE THIS!,,synthetic,,1,generated_fake
,BREAKING NEWS: SHOCKING!!! President Tinubu bans WhatsApp in shocking development. SHARE TO ALL GROUPS! DON'T IGNORE THIS!,,synthetic,,1,generated_fake
,BREAKING NEWS: SHOCKING!!! INEC SUSPENDS ALL BANKS EFFECTIVE IMMEDIATELY. SHARE TO ALL GROUPS! DON'T IGNORE THIS!,,synthetic,,1,generated_fake
,BREAKING NEWS: SHOCKING!!! Bishop Oyedepo bans WhatsApp confidential sources confirm. SHARE TO ALL GROUPS! DON'T IGNORE THIS!,,synthetic,,1,generated_fake
,BREAKING NEWS: SHOCKING!!! BISHOP OYEDEPO ANNOUNCES NEW TAX AFTER EMERGENCY MEETING. SHARE TO ALL GROUPS! DON'T IGNORE THIS!,,synthetic,,1,generated_fake
,BREAKING NEWS: SHOCKING!!! PASTOR ADEBOYE RESIGNS CONFIDENTIAL SOURCES CONFIRM. SHARE TO ALL GROUPS! DON'T IGNORE THIS!,,synthetic,,1,generated_fake
,URGENT SHARE NOW: CONFIRMED!!! PASTOR ADEBOYE RESIGNS EFFECTIVE IMMEDIATELY. FORWARD IMMEDIATELY TO ALL WHATSAPP GROUPS!,,synthetic,,1,generated_fake
,URGENT SHARE NOW: CONFIRMED!!! INEC SENTENCED TO PRISON IN SHOCKING DEVELOPMENT. FORWARD IMMEDIATELY TO ALL WHATSAPP GROUPS!,,synthetic,,1,generated_fake
,URGENT SHARE NOW: CONFIRMED!!! CBN ARRESTED EFFECTIVE IMMEDIATELY. FORWARD IMMEDIATELY TO ALL WHATSAPP GROUPS!,,synthetic,,1,generated_fake
,CONFIRMED!!! GOVERNOR SANWO-OLU DIES SUDDENLY LEAKED DOCUMENTS REVEAL. THIS IS A MUST READ! SHARE NOW!,,synthetic,,1,generated_fake
,BREAKING NEWS: SHOCKING!!! DANGOTE SENTENCED TO PRISON LEAKED DOCUMENTS REVEAL. SHARE TO ALL GROUPS! DON'T IGNORE THIS!,,synthetic,,1,generated_fake
,URGENT SHARE NOW: CONFIRMED!!! APC FLEES COUNTRY LEAKED DOCUMENTS REVEAL. FORWARD IMMEDIATELY TO ALL WHATSAPP GROUPS!,,synthetic,,1,generated_fake
,BREAKING NEWS: SHOCKING!!! EFCC SUSPENDS ALL BANKS IN SHOCKING DEVELOPMENT. SHARE TO ALL GROUPS! DON'T IGNORE THIS!,,synthetic,,1,generated_fake
,URGENT SHARE NOW: CONFIRMED!!! Governor Sanwo-Olu arrested in shocking development. Forward immediately to all WhatsApp groups!,,synthetic,,1,generated_fake
,BREAKING NEWS: SHOCKING!!! EFCC SENTENCED TO PRISON AFTER EMERGENCY MEETING. SHARE TO ALL GROUPS! DON'T IGNORE THIS!,,synthetic,,1,generated_fake
,YOU WON'T BELIEVE: PRESIDENT TINUBU SUSPENDS ALL BANKS CONFIDENTIAL SOURCES CONFIRM. READ AND SHARE!!!,,synthetic,,1,generated_fake
,BREAKING NEWS: SHOCKING!!! INEC arrested in shocking development. SHARE TO ALL GROUPS! DON'T IGNORE THIS!,,synthetic,,1,generated_fake
,BREAKING NEWS: SHOCKING!!! CBN FIRED LEAKED DOCUMENTS REVEAL. SHARE TO ALL GROUPS! DON'T IGNORE THIS!,,synthetic,,1,generated_fake
,BREAKING NEWS: SHOCKING!!! DANGOTE RESIGNS AFTER EMERGENCY MEETING. SHARE TO ALL GROUPS! DON'T IGNORE THIS!,,synthetic,,1,generated_fake
,URGENT SHARE NOW: CONFIRMED!!! Governor Sanwo-Olu flees country confidential sources confirm. Forward immediately to all WhatsApp groups!,,synthetic,,1,generated_fake
,URGENT SHARE NOW: CONFIRMED!!! INEC FIRED LEAKED DOCUMENTS REVEAL. FORWARD IMMEDIATELY TO ALL WHATSAPP GROUPS!,,synthetic,,1,generated_fake
,BREAKING NEWS: SHOCKING!!! Bishop Oyedepo arrested confidential sources confirm. SHARE TO ALL GROUPS! DON'T IGNORE THIS!,,synthetic,,1,generated_fake
,URGENT SHARE NOW: CONFIRMED!!! PRESIDENT TINUBU FIRED CONFIDENTIAL SOURCES CONFIRM. FORWARD IMMEDIATELY TO ALL WHATSAPP GROUPS!,,synthetic,,1,generated_fake
,URGENT SHARE NOW: CONFIRMED!!! Bishop Oyedepo dies suddenly after emergency meeting. Forward immediately to all WhatsApp groups!,,synthetic,,1,generated_fake
,URGENT SHARE NOW: CONFIRMED!!! Dangote sentenced to prison in shocking development. Forward immediately to all WhatsApp groups!,,synthetic,,1,generated_fake
,BREAKING NEWS: SHOCKING!!! APC SUSPENDS ALL BANKS LEAKED DOCUMENTS REVEAL. SHARE TO ALL GROUPS! DON'T IGNORE THIS!,,synthetic,,1,generated_fake
,URGENT SHARE NOW: CONFIRMED!!! Dangote fired confidential sources confirm. Forward immediately to all WhatsApp groups!,,synthetic,,1,generated_fake
,URGENT SHARE NOW: CONFIRMED!!! EFCC resigns breaking overnight. Forward immediately to all WhatsApp groups!,,synthetic,,1,generated_fake
,URGENT SHARE NOW: CONFIRMED!!! INEC flees country breaking overnight. Forward immediately to all WhatsApp groups!,,synthetic,,1,generated_fake
,BREAKING NEWS: SHOCKING!!! PDP FLEES COUNTRY IN SHOCKING DEVELOPMENT. SHARE TO ALL GROUPS! DON'T IGNORE THIS!,,synthetic,,1,generated_fake
,BREAKING NEWS: SHOCKING!!! PDP announces new tax confidential sources confirm. SHARE TO ALL GROUPS! DON'T IGNORE THIS!,,synthetic,,1,generated_fake
,BREAKING NEWS: SHOCKING!!! DANGOTE BANS WHATSAPP LEAKED DOCUMENTS REVEAL. SHARE TO ALL GROUPS! DON'T IGNORE THIS!,,synthetic,,1,generated_fake
,BREAKING NEWS: SHOCKING!!! PDP sentenced to prison leaked documents reveal. SHARE TO ALL GROUPS! DON'T IGNORE THIS!,,synthetic,,1,generated_fake
,BREAKING NEWS: SHOCKING!!! EFCC flees country in shocking development. SHARE TO ALL GROUPS! DON'T IGNORE THIS!,,synthetic,,1,generated_fake
,URGENT SHARE NOW: CONFIRMED!!! EFCC FIRED AFTER EMERGENCY MEETING. FORWARD IMMEDIATELY TO ALL WHATSAPP GROUPS!,,synthetic,,1,generated_fake
,BREAKING NEWS: SHOCKING!!! PRESIDENT TINUBU FLEES COUNTRY CONFIDENTIAL SOURCES CONFIRM. SHARE TO ALL GROUPS! DON'T IGNORE THIS!,,synthetic,,1,generated_fake
,BREAKING NEWS: SHOCKING!!! PDP announces new tax leaked documents reveal. SHARE TO ALL GROUPS! DON'T IGNORE THIS!,,synthetic,,1,generated_fake
,URGENT SHARE NOW: CONFIRMED!!! BISHOP OYEDEPO ARRESTED IN SHOCKING DEVELOPMENT. FORWARD IMMEDIATELY TO ALL WHATSAPP GROUPS!,,synthetic,,1,generated_fake
,BREAKING NEWS: SHOCKING!!! Dangote flees country in shocking development. SHARE TO ALL GROUPS! DON'T IGNORE THIS!,,synthetic,,1,generated_fake
,BREAKING NEWS: SHOCKING!!! Dangote fired effective immediately. SHARE TO ALL GROUPS! DON'T IGNORE THIS!,,synthetic,,1,generated_fake
,BREAKING NEWS: SHOCKING!!! Governor Sanwo-Olu arrested leaked documents reveal. SHARE TO ALL GROUPS! DON'T IGNORE THIS!,,synthetic,,1,generated_fake
,URGENT SHARE NOW: CONFIRMED!!! PDP arrested in shocking development. Forward immediately to all WhatsApp groups!,,synthetic,,1,generated_fake
,BREAKING NEWS: SHOCKING!!! EFCC flees country confidential sources confirm. SHARE TO ALL GROUPS! DON'T IGNORE THIS!,,synthetic,,1,generated_fake
,URGENT SHARE NOW: CONFIRMED!!! President Tinubu bans WhatsApp effective immediately. Forward immediately to all WhatsApp groups!,,synthetic,,1,generated_fake
,URGENT SHARE NOW: CONFIRMED!!! PDP bans WhatsApp effective immediately. Forward immediately to all WhatsApp groups!,,synthetic,,1,generated_fake
,URGENT SHARE NOW: CONFIRMED!!! APC SUSPENDS ALL BANKS BREAKING OVERNIGHT. FORWARD IMMEDIATELY TO ALL WHATSAPP GROUPS!,,synthetic,,1,generated_fake
,URGENT SHARE NOW: CONFIRMED!!! GOVERNOR SANWO-OLU ARRESTED EFFECTIVE IMMEDIATELY. FORWARD IMMEDIATELY TO ALL WHATSAPP GROUPS!,,synthetic,,1,generated_fake
,URGENT SHARE NOW: CONFIRMED!!! EFCC FLEES COUNTRY BREAKING OVERNIGHT. FORWARD IMMEDIATELY TO ALL WHATSAPP GROUPS!,,synthetic,,1,generated_fake
,BREAKING NEWS: SHOCKING!!! PDP SENTENCED TO PRISON EFFECTIVE IMMEDIATELY. SHARE TO ALL GROUPS! DON'T IGNORE THIS!,,synthetic,,1,generated_fake
,BREAKING NEWS: SHOCKING!!! BISHOP OYEDEPO SENTENCED TO PRISON AFTER EMERGENCY MEETING. SHARE TO ALL GROUPS! DON'T IGNORE THIS!,,synthetic,,1,generated_fake
,URGENT SHARE NOW: CONFIRMED!!! President Tinubu bans WhatsApp breaking overnight. Forward immediately to all WhatsApp groups!,,synthetic,,1,generated_fake
,URGENT SHARE NOW: CONFIRMED!!! INEC DIES SUDDENLY BREAKING OVERNIGHT. FORWARD IMMEDIATELY TO ALL WHATSAPP GROUPS!,,synthetic,,1,generated_fake
,URGENT SHARE NOW: CONFIRMED!!! PDP SUSPENDS ALL BANKS BREAKING OVERNIGHT. FORWARD IMMEDIATELY TO ALL WHATSAPP GROUPS!,,synthetic,,1,generated_fake
,URGENT SHARE NOW: CONFIRMED!!! PASTOR ADEBOYE SUSPENDS ALL BANKS IN SHOCKING DEVELOPMENT. FORWARD IMMEDIATELY TO ALL WHATSAPP GROUPS!,,synthetic,,1,generated_fake
,URGENT SHARE NOW: CONFIRMED!!! Dangote sentenced to prison confidential sources confirm. Forward immediately to all WhatsApp groups!,,synthetic,,1,generated_fake
,BREAKING NEWS: SHOCKING!!! INEC sentenced to prison effective immediately. SHARE TO ALL GROUPS! DON'T IGNORE THIS!,,synthetic,,1,generated_fake
,URGENT SHARE NOW: CONFIRMED!!! PDP BANS WHATSAPP CONFIDENTIAL SOURCES CONFIRM. FORWARD IMMEDIATELY TO ALL WHATSAPP GROUPS!,,synthetic,,1,generated_fake
,BREAKING NEWS: SHOCKING!!! Dangote sentenced to prison after emergency meeting. SHARE TO ALL GROUPS! DON'T IGNORE THIS!,,synthetic,,1,generated_fake
,BREAKING NEWS: SHOCKING!!! DANGOTE SENTENCED TO PRISON BREAKING OVERNIGHT. SHARE TO ALL GROUPS! DON'T IGNORE THIS!,,synthetic,,1,generated_fake
,URGENT SHARE NOW: CONFIRMED!!! INEC sentenced to prison breaking overnight. Forward immediately to all WhatsApp groups!,,synthetic,,1,generated_fake
,BREAKING NEWS: SHOCKING!!! Dangote sentenced to prison in shocking development. SHARE TO ALL GROUPS! DON'T IGNORE THIS!,,synthetic,,1,generated_fake
,BREAKING NEWS: SHOCKING!!! APC flees country in shocking development. SHARE TO ALL GROUPS! DON'T IGNORE THIS!,,synthetic,,1,generated_fake
,URGENT SHARE NOW: CONFIRMED!!! President Tinubu announces new tax confidential sources confirm. Forward immediately to all WhatsApp groups!,,synthetic,,1,generated_fake
,YOU WON'T BELIEVE: GOVERNOR SANWO-OLU SUSPENDS ALL BANKS CONFIDENTIAL SOURCES CONFIRM. READ AND SHARE!!!,,synthetic,,1,generated_fake
,URGENT SHARE NOW: CONFIRMED!!! APC announces new tax leaked documents reveal. Forward immediately to all WhatsApp groups!,,synthetic,,1,generated_fake
,URGENT SHARE NOW: CONFIRMED!!! PDP BANS WHATSAPP AFTER EMERGENCY MEETING. FORWARD IMMEDIATELY TO ALL WHATSAPP GROUPS!,,synthetic,,1,generated_fake
,BREAKING NEWS: SHOCKING!!! PDP BANS WHATSAPP LEAKED DOCUMENTS REVEAL. SHARE TO ALL GROUPS! DON'T IGNORE THIS!,,synthetic,,1,generated_fake
,BREAKING NEWS: SHOCKING!!! PRESIDENT TINUBU FLEES COUNTRY LEAKED DOCUMENTS REVEAL. SHARE TO ALL GROUPS! DON'T IGNORE THIS!,,synthetic,,1,generated_fake
,BREAKING NEWS: SHOCKING!!! PDP sentenced to prison breaking overnight. SHARE TO ALL GROUPS! DON'T IGNORE THIS!,,synthetic,,1,generated_fake
,BREAKING NEWS: SHOCKING!!! BISHOP OYEDEPO SUSPENDS ALL BANKS CONFIDENTIAL SOURCES CONFIRM. SHARE TO ALL GROUPS! DON'T IGNORE THIS!,,synthetic,,1,generated_fake
,URGENT SHARE NOW: CONFIRMED!!! PASTOR ADEBOYE SUSPENDS ALL BANKS AFTER EMERGENCY MEETING. FORWARD IMMEDIATELY TO ALL WHATSAPP GROUPS!,,synthetic,,1,generated_fake
,CONFIRMED!!! PRESIDENT TINUBU SENTENCED TO PRISON EFFECTIVE IMMEDIATELY. THIS IS A MUST READ! SHARE NOW!,,synthetic,,1,generated_fake
,BREAKING NEWS: SHOCKING!!! APC SENTENCED TO PRISON CONFIDENTIAL SOURCES CONFIRM. SHARE TO ALL GROUPS! DON'T IGNORE THIS!,,synthetic,,1,generated_fake
,BREAKING NEWS: SHOCKING!!! BISHOP OYEDEPO SUSPENDS ALL BANKS BREAKING OVERNIGHT. SHARE TO ALL GROUPS! DON'T IGNORE THIS!,,synthetic,,1,generated_fake
,URGENT SHARE NOW: CONFIRMED!!! Dangote sentenced to prison leaked documents reveal. Forward immediately to all WhatsApp groups!,,synthetic,,1,generated_fake
,BREAKING NEWS: SHOCKING!!! PDP bans WhatsApp effective immediately. SHARE TO ALL GROUPS! DON'T IGNORE THIS!,,synthetic,,1,generated_fake
,URGENT SHARE NOW: CONFIRMED!!! EFCC RESIGNS LEAKED DOCUMENTS REVEAL. FORWARD IMMEDIATELY TO ALL WHATSAPP GROUPS!,,synthetic,,1,generated_fake
,BREAKING NEWS: SHOCKING!!! Bishop Oyedepo dies suddenly after emergency meeting. SHARE TO ALL GROUPS! DON'T IGNORE THIS!,,synthetic,,1,generated_fake
,URGENT SHARE NOW: CONFIRMED!!! APC SENTENCED TO PRISON EFFECTIVE IMMEDIATELY. FORWARD IMMEDIATELY TO ALL WHATSAPP GROUPS!,,synthetic,,1,generated_fake
,BREAKING NEWS: SHOCKING!!! APC dies suddenly confidential sources confirm. SHARE TO ALL GROUPS! DON'T IGNORE THIS!,,synthetic,,1,generated_fake
,CONFIRMED!!! Governor Sanwo-Olu flees country confidential sources confirm. This is a MUST READ! Share now!,,synthetic,,1,generated_fake
,BREAKING NEWS: SHOCKING!!! CBN DIES SUDDENLY BREAKING OVERNIGHT. SHARE TO ALL GROUPS! DON'T IGNORE THIS!,,synthetic,,1,generated_fake
,BREAKING NEWS: SHOCKING!!! APC ANNOUNCES NEW TAX EFFECTIVE IMMEDIATELY. SHARE TO ALL GROUPS! DON'T IGNORE THIS!,,synthetic,,1,generated_fake
,BREAKING NEWS: SHOCKING!!! CBN BANS WHATSAPP IN SHOCKING DEVELOPMENT. SHARE TO ALL GROUPS! DON'T IGNORE THIS!,,synthetic,,1,generated_fake
,URGENT SHARE NOW: CONFIRMED!!! APC DIES SUDDENLY LEAKED DOCUMENTS REVEAL. FORWARD IMMEDIATELY TO ALL WHATSAPP GROUPS!,,synthetic,,1,generated_fake
,BREAKING NEWS: SHOCKING!!! EFCC announces new tax breaking overnight. SHARE TO ALL GROUPS! DON'T IGNORE THIS!,,synthetic,,1,generated_fake
,URGENT SHARE NOW: CONFIRMED!!! President Tinubu bans WhatsApp in shocking development. Forward immediately to all WhatsApp groups!,,synthetic,,1,generated_fake
,BREAKING NEWS: SHOCKING!!! INEC DIES SUDDENLY AFTER EMERGENCY MEETING. SHARE TO ALL GROUPS! DON'T IGNORE THIS!,,synthetic,,1,generated_fake
,BREAKING NEWS: SHOCKING!!! DANGOTE ANNOUNCES NEW TAX AFTER EMERGENCY MEETING. SHARE TO ALL GROUPS! DON'T IGNORE THIS!,,synthetic,,1,generated_fake
,BREAKING NEWS: SHOCKING!!! CBN suspends all banks breaking overnight. SHARE TO ALL GROUPS! DON'T IGNORE THIS!,,synthetic,,1,generated_fake
,CONFIRMED!!! GOVERNOR SANWO-OLU BANS WHATSAPP CONFIDENTIAL SOURCES CONFIRM. THIS IS A MUST READ! SHARE NOW!,,synthetic,,1,generated_fake
,URGENT SHARE NOW: CONFIRMED!!! DANGOTE DIES SUDDENLY EFFECTIVE IMMEDIATELY. FORWARD IMMEDIATELY TO ALL WHATSAPP GROUPS!,,synthetic,,1,generated_fake
,BREAKING NEWS: SHOCKING!!! President Tinubu suspends all banks after emergency meeting. SHARE TO ALL GROUPS! DON'T IGNORE THIS!,,synthetic,,1,generated_fake
,URGENT SHARE NOW: CONFIRMED!!! PRESIDENT TINUBU FLEES COUNTRY IN SHOCKING DEVELOPMENT. FORWARD IMMEDIATELY TO ALL WHATSAPP GROUPS!,,synthetic,,1,generated_fake
,URGENT SHARE NOW: CONFIRMED!!! EFCC DIES SUDDENLY BREAKING OVERNIGHT. FORWARD IMMEDIATELY TO ALL WHATSAPP GROUPS!,,synthetic,,1,generated_fake
,URGENT SHARE NOW: CONFIRMED!!! EFCC DIES SUDDENLY AFTER EMERGENCY MEETING. FORWARD IMMEDIATELY TO ALL WHATSAPP GROUPS!,,synthetic,,1,generated_fake
,CONFIRMED!!! Governor Sanwo-Olu announces new tax after emergency meeting. This is a MUST READ! Share now!,,synthetic,,1,generated_fake
,URGENT SHARE NOW: CONFIRMED!!! APC flees country effective immediately. Forward immediately to all WhatsApp groups!,,synthetic,,1,generated_fake
,URGENT SHARE NOW: CONFIRMED!!! CBN SENTENCED TO PRISON BREAKING OVERNIGHT. FORWARD IMMEDIATELY TO ALL WHATSAPP GROUPS!,,synthetic,,1,generated_fake
,URGENT SHARE NOW: CONFIRMED!!! PRESIDENT TINUBU BANS WHATSAPP CONFIDENTIAL SOURCES CONFIRM. FORWARD IMMEDIATELY TO ALL WHATSAPP GROUPS!,,synthetic,,1,generated_fake
,BREAKING NEWS: SHOCKING!!! INEC DIES SUDDENLY CONFIDENTIAL SOURCES CONFIRM. SHARE TO ALL GROUPS! DON'T IGNORE THIS!,,synthetic,,1,generated_fake
,BREAKING NEWS: SHOCKING!!! INEC SUSPENDS ALL BANKS LEAKED DOCUMENTS REVEAL. SHARE TO ALL GROUPS! DON'T IGNORE THIS!,,synthetic,,1,generated_fake
,BREAKING NEWS: SHOCKING!!! APC SUSPENDS ALL BANKS IN SHOCKING DEVELOPMENT. SHARE TO ALL GROUPS! DON'T IGNORE THIS!,,synthetic,,1,generated_fake
,URGENT SHARE NOW: CONFIRMED!!! EFCC dies suddenly confidential sources confirm. Forward immediately to all WhatsApp groups!,,synthetic,,1,generated_fake
,BREAKING NEWS: SHOCKING!!! EFCC suspends all banks in shocking development. SHARE TO ALL GROUPS! DON'T IGNORE THIS!,,synthetic,,1,generated_fake
,BREAKING NEWS: SHOCKING!!! Dangote arrested after emergency meeting. SHARE TO ALL GROUPS! DON'T IGNORE THIS!,,synthetic,,1,generated_fake
,URGENT SHARE NOW: CONFIRMED!!! PRESIDENT TINUBU RESIGNS BREAKING OVERNIGHT. FORWARD IMMEDIATELY TO ALL WHATSAPP GROUPS!,,synthetic,,1,generated_fake
,URGENT SHARE NOW: CONFIRMED!!! PASTOR ADEBOYE SUSPENDS ALL BANKS LEAKED DOCUMENTS REVEAL. FORWARD IMMEDIATELY TO ALL WHATSAPP GROUPS!,,synthetic,,1,generated_fake
,URGENT SHARE NOW: CONFIRMED!!! Pastor Adeboye announces new tax leaked documents reveal. Forward immediately to all WhatsApp groups!,,synthetic,,1,generated_fake
,URGENT SHARE NOW: CONFIRMED!!! Governor Sanwo-Olu bans WhatsApp after emergency meeting. Forward immediately to all WhatsApp groups!,,synthetic,,1,generated_fake
,URGENT SHARE NOW: CONFIRMED!!! President Tinubu announces new tax breaking overnight. Forward immediately to all WhatsApp groups!,,synthetic,,1,generated_fake
,BREAKING NEWS: SHOCKING!!! INEC bans WhatsApp confidential sources confirm. SHARE TO ALL GROUPS! DON'T IGNORE THIS!,,synthetic,,1,generated_fake
,BREAKING NEWS: SHOCKING!!! PASTOR ADEBOYE BANS WHATSAPP AFTER EMERGENCY MEETING. SHARE TO ALL GROUPS! DON'T IGNORE THIS!,,synthetic,,1,generated_fake
,BREAKING NEWS: SHOCKING!!! EFCC DIES SUDDENLY BREAKING OVERNIGHT. SHARE TO ALL GROUPS! DON'T IGNORE THIS!,,synthetic,,1,generated_fake
,BREAKING NEWS: SHOCKING!!! GOVERNOR SANWO-OLU ANNOUNCES NEW TAX LEAKED DOCUMENTS REVEAL. SHARE TO ALL GROUPS! DON'T IGNORE THIS!,,synthetic,,1,generated_fake
,BREAKING NEWS: SHOCKING!!! EFCC suspends all banks breaking overnight. SHARE TO ALL GROUPS! DON'T IGNORE THIS!,,synthetic,,1,generated_fake
,URGENT SHARE NOW: CONFIRMED!!! Dangote announces new tax after emergency meeting. Forward immediately to all WhatsApp groups!,,synthetic,,1,generated_fake
,URGENT SHARE NOW: CONFIRMED!!! APC FLEES COUNTRY IN SHOCKING DEVELOPMENT. FORWARD IMMEDIATELY TO ALL WHATSAPP GROUPS!,,synthetic,,1,generated_fake
,URGENT SHARE NOW: CONFIRMED!!! APC suspends all banks breaking overnight. Forward immediately to all WhatsApp groups!,,synthetic,,1,generated_fake
,URGENT SHARE NOW: CONFIRMED!!! EFCC SENTENCED TO PRISON EFFECTIVE IMMEDIATELY. FORWARD IMMEDIATELY TO ALL WHATSAPP GROUPS!,,synthetic,,1,generated_fake
,URGENT SHARE NOW: CONFIRMED!!! PASTOR ADEBOYE SUSPENDS ALL BANKS BREAKING OVERNIGHT. FORWARD IMMEDIATELY TO ALL WHATSAPP GROUPS!,,synthetic,,1,generated_fake
,URGENT SHARE NOW: CONFIRMED!!! Dangote fired leaked documents reveal. Forward immediately to all WhatsApp groups!,,synthetic,,1,generated_fake
,BREAKING NEWS: SHOCKING!!! APC bans WhatsApp breaking overnight. SHARE TO ALL GROUPS! DON'T IGNORE THIS!,,synthetic,,1,generated_fake
,URGENT SHARE NOW: CONFIRMED!!! CBN BANS WHATSAPP EFFECTIVE IMMEDIATELY. FORWARD IMMEDIATELY TO ALL WHATSAPP GROUPS!,,synthetic,,1,generated_fake
,URGENT SHARE NOW: CONFIRMED!!! INEC resigns in shocking development. Forward immediately to all WhatsApp groups!,,synthetic,,1,generated_fake
,URGENT SHARE NOW: CONFIRMED!!! CBN sentenced to prison leaked documents reveal. Forward immediately to all WhatsApp groups!,,synthetic,,1,generated_fake
,BREAKING NEWS: SHOCKING!!! Governor Sanwo-Olu fired leaked documents reveal. SHARE TO ALL GROUPS! DON'T IGNORE THIS!,,synthetic,,1,generated_fake
,URGENT SHARE NOW: CONFIRMED!!! APC ARRESTED IN SHOCKING DEVELOPMENT. FORWARD IMMEDIATELY TO ALL WHATSAPP GROUPS!,,synthetic,,1,generated_fake
,URGENT SHARE NOW: CONFIRMED!!! EFCC suspends all banks leaked documents reveal. Forward immediately to all WhatsApp groups!,,synthetic,,1,generated_fake
,BREAKING NEWS: SHOCKING!!! PRESIDENT TINUBU SENTENCED TO PRISON LEAKED DOCUMENTS REVEAL. SHARE TO ALL GROUPS! DON'T IGNORE THIS!,,synthetic,,1,generated_fake
,BREAKING NEWS: SHOCKING!!! PDP flees country effective immediately. SHARE TO ALL GROUPS! DON'T IGNORE THIS!,,synthetic,,1,generated_fake
,BREAKING NEWS: SHOCKING!!! PDP arrested confidential sources confirm. SHARE TO ALL GROUPS! DON'T IGNORE THIS!,,synthetic,,1,generated_fake
,BREAKING NEWS: SHOCKING!!! EFCC arrested after emergency meeting. SHARE TO ALL GROUPS! DON'T IGNORE THIS!,,synthetic,,1,generated_fake
,BREAKING NEWS: SHOCKING!!! INEC SENTENCED TO PRISON CONFIDENTIAL SOURCES CONFIRM. SHARE TO ALL GROUPS! DON'T IGNORE THIS!,,synthetic,,1,generated_fake
,URGENT SHARE NOW: CONFIRMED!!! Bishop Oyedepo suspends all banks leaked documents reveal. Forward immediately to all WhatsApp groups!,,synthetic,,1,generated_fake
,URGENT SHARE NOW: CONFIRMED!!! PASTOR ADEBOYE DIES SUDDENLY EFFECTIVE IMMEDIATELY. FORWARD IMMEDIATELY TO ALL WHATSAPP GROUPS!,,synthetic,,1,generated_fake
,URGENT SHARE NOW: CONFIRMED!!! Governor Sanwo-Olu announces new tax leaked documents reveal. Forward immediately to all WhatsApp groups!,,synthetic,,1,generated_fake
,URGENT SHARE NOW: CONFIRMED!!! INEC FLEES COUNTRY EFFECTIVE IMMEDIATELY. FORWARD IMMEDIATELY TO ALL WHATSAPP GROUPS!,,synthetic,,1,generated_fake
,URGENT SHARE NOW: CONFIRMED!!! GOVERNOR SANWO-OLU RESIGNS AFTER EMERGENCY MEETING. FORWARD IMMEDIATELY TO ALL WHATSAPP GROUPS!,,synthetic,,1,generated_fake
,BREAKING NEWS: SHOCKING!!! PDP FLEES COUNTRY CONFIDENTIAL SOURCES CONFIRM. SHARE TO ALL GROUPS! DON'T IGNORE THIS!,,synthetic,,1,generated_fake
,URGENT SHARE NOW: CONFIRMED!!! APC arrested effective immediately. Forward immediately to all WhatsApp groups!,,synthetic,,1,generated_fake
,URGENT SHARE NOW: CONFIRMED!!! DANGOTE DIES SUDDENLY IN SHOCKING DEVELOPMENT. FORWARD IMMEDIATELY TO ALL WHATSAPP GROUPS!,,synthetic,,1,generated_fake
,BREAKING NEWS: SHOCKING!!! DANGOTE FLEES COUNTRY IN SHOCKING DEVELOPMENT. SHARE TO ALL GROUPS! DON'T IGNORE THIS!,,synthetic,,1,generated_fake
,URGENT SHARE NOW: CONFIRMED!!! PASTOR ADEBOYE ARRESTED EFFECTIVE IMMEDIATELY. FORWARD IMMEDIATELY TO ALL WHATSAPP GROUPS!,,synthetic,,1,generated_fake
,BREAKING NEWS: SHOCKING!!! CBN FLEES COUNTRY IN SHOCKING DEVELOPMENT. SHARE TO ALL GROUPS! DON'T IGNORE THIS!,,synthetic,,1,generated_fake
,BREAKING NEWS: SHOCKING!!! DANGOTE ARRESTED IN SHOCKING DEVELOPMENT. SHARE TO ALL GROUPS! DON'T IGNORE THIS!,,synthetic,,1,generated_fake
,URGENT SHARE NOW: CONFIRMED!!! PDP FIRED BREAKING OVERNIGHT. FORWARD IMMEDIATELY TO ALL WHATSAPP GROUPS!,,synthetic,,1,generated_fake
,BREAKING NEWS: SHOCKING!!! GOVERNOR SANWO-OLU FLEES COUNTRY CONFIDENTIAL SOURCES CONFIRM. SHARE TO ALL GROUPS! DON'T IGNORE THIS!,,synthetic,,1,generated_fake
,BREAKING NEWS: SHOCKING!!! Pastor Adeboye arrested confidential sources confirm. SHARE TO ALL GROUPS! DON'T IGNORE THIS!,,synthetic,,1,generated_fake
,BREAKING NEWS: SHOCKING!!! President Tinubu suspends all banks breaking overnight. SHARE TO ALL GROUPS! DON'T IGNORE THIS!,,synthetic,,1,generated_fake
,BREAKING NEWS: SHOCKING!!! Dangote resigns breaking overnight. SHARE TO ALL GROUPS! DON'T IGNORE THIS!,,synthetic,,1,generated_fake
,BREAKING NEWS: SHOCKING!!! PDP FIRED IN SHOCKING DEVELOPMENT. SHARE TO ALL GROUPS! DON'T IGNORE THIS!,,synthetic,,1,generated_fake
,URGENT SHARE NOW: CONFIRMED!!! PDP resigns effective immediately. Forward immediately to all WhatsApp groups!,,synthetic,,1,generated_fake
,CONFIRMED!!! Governor Sanwo-Olu flees country in shocking development. This is a MUST READ! Share now!,,synthetic,,1,generated_fake
,BREAKING NEWS: SHOCKING!!! Governor Sanwo-Olu announces new tax in shocking development. SHARE TO ALL GROUPS! DON'T IGNORE THIS!,,synthetic,,1,generated_fake
,BREAKING NEWS: SHOCKING!!! Bishop Oyedepo arrested after emergency meeting. SHARE TO ALL GROUPS! DON'T IGNORE THIS!,,synthetic,,1,generated_fake
,BREAKING NEWS: SHOCKING!!! PDP FIRED LEAKED DOCUMENTS REVEAL. SHARE TO ALL GROUPS! DON'T IGNORE THIS!,,synthetic,,1,generated_fake
,URGENT SHARE NOW: CONFIRMED!!! GOVERNOR SANWO-OLU FLEES COUNTRY AFTER EMERGENCY MEETING. FORWARD IMMEDIATELY TO ALL WHATSAPP GROUPS!,,synthetic,,1,generated_fake
,BREAKING NEWS: SHOCKING!!! CBN SUSPENDS ALL BANKS EFFECTIVE IMMEDIATELY. SHARE TO ALL GROUPS! DON'T IGNORE THIS!,,synthetic,,1,generated_fake
,BREAKING NEWS: SHOCKING!!! President Tinubu dies suddenly effective immediately. SHARE TO ALL GROUPS! DON'T IGNORE THIS!,,synthetic,,1,generated_fake
,URGENT SHARE NOW: CONFIRMED!!! Pastor Adeboye resigns in shocking development. Forward immediately to all WhatsApp groups!,,synthetic,,1,generated_fake
,URGENT SHARE NOW: CONFIRMED!!! PDP SENTENCED TO PRISON CONFIDENTIAL SOURCES CONFIRM. FORWARD IMMEDIATELY TO ALL WHATSAPP GROUPS!,,synthetic,,1,generated_fake
,BREAKING NEWS: SHOCKING!!! DANGOTE FIRED AFTER EMERGENCY MEETING. SHARE TO ALL GROUPS! DON'T IGNORE THIS!,,synthetic,,1,generated_fake
,BREAKING NEWS: SHOCKING!!! GOVERNOR SANWO-OLU SUSPENDS ALL BANKS LEAKED DOCUMENTS REVEAL. SHARE TO ALL GROUPS! DON'T IGNORE THIS!,,synthetic,,1,generated_fake
,BREAKING NEWS: SHOCKING!!! INEC FIRED AFTER EMERGENCY MEETING. SHARE TO ALL GROUPS! DON'T IGNORE THIS!,,synthetic,,1,generated_fake
,CONFIRMED!!! PASTOR ADEBOYE SUSPENDS ALL BANKS EFFECTIVE IMMEDIATELY. THIS IS A MUST READ! SHARE NOW!,,synthetic,,1,generated_fake
,BREAKING NEWS: SHOCKING!!! GOVERNOR SANWO-OLU ANNOUNCES NEW TAX CONFIDENTIAL SOURCES CONFIRM. SHARE TO ALL GROUPS! DON'T IGNORE THIS!,,synthetic,,1,generated_fake
,BREAKING NEWS: SHOCKING!!! CBN FLEES COUNTRY LEAKED DOCUMENTS REVEAL. SHARE TO ALL GROUPS! DON'T IGNORE THIS!,,synthetic,,1,generated_fake
,BREAKING NEWS: SHOCKING!!! APC ARRESTED EFFECTIVE IMMEDIATELY. SHARE TO ALL GROUPS! DON'T IGNORE THIS!,,synthetic,,1,generated_fake
,URGENT SHARE NOW: CONFIRMED!!! PRESIDENT TINUBU ANNOUNCES NEW TAX LEAKED DOCUMENTS REVEAL. FORWARD IMMEDIATELY TO ALL WHATSAPP GROUPS!,,synthetic,,1,generated_fake
,URGENT SHARE NOW: CONFIRMED!!! CBN sentenced to prison confidential sources confirm. Forward immediately to all WhatsApp groups!,,synthetic,,1,generated_fake
,URGENT SHARE NOW: CONFIRMED!!! APC BANS WHATSAPP IN SHOCKING DEVELOPMENT. FORWARD IMMEDIATELY TO ALL WHATSAPP GROUPS!,,synthetic,,1,generated_fake
,BREAKING NEWS: SHOCKING!!! PDP dies suddenly breaking overnight. SHARE TO ALL GROUPS! DON'T IGNORE THIS!,,synthetic,,1,generated_fake
,URGENT SHARE NOW: CONFIRMED!!! PRESIDENT TINUBU SUSPENDS ALL BANKS IN SHOCKING DEVELOPMENT. FORWARD IMMEDIATELY TO ALL WHATSAPP GROUPS!,,synthetic,,1,generated_fake
,CONFIRMED!!! Bishop Oyedepo announces new tax leaked documents reveal. This is a MUST READ! Share now!,,synthetic,,1,generated_fake
,BREAKING NEWS: SHOCKING!!! INEC arrested effective immediately. SHARE TO ALL GROUPS! DON'T IGNORE THIS!,,synthetic,,1,generated_fake
,URGENT SHARE NOW: CONFIRMED!!! Bishop Oyedepo resigns effective immediately. Forward immediately to all WhatsApp groups!,,synthetic,,1,generated_fake
,URGENT SHARE NOW: CONFIRMED!!! Pastor Adeboye arrested confidential sources confirm. Forward immediately to all WhatsApp groups!,,synthetic,,1,generated_fake
,BREAKING NEWS: SHOCKING!!! APC SENTENCED TO PRISON EFFECTIVE IMMEDIATELY. SHARE TO ALL GROUPS! DON'T IGNORE THIS!,,synthetic,,1,generated_fake
,URGENT SHARE NOW: CONFIRMED!!! INEC ANNOUNCES NEW TAX EFFECTIVE IMMEDIATELY. FORWARD IMMEDIATELY TO ALL WHATSAPP GROUPS!,,synthetic,,1,generated_fake
,BREAKING NEWS: SHOCKING!!! GOVERNOR SANWO-OLU BANS WHATSAPP AFTER EMERGENCY MEETING. SHARE TO ALL GROUPS! DON'T IGNORE THIS!,,synthetic,,1,generated_fake
,URGENT SHARE NOW: CONFIRMED!!! Governor Sanwo-Olu dies suddenly in shocking development. Forward immediately to all WhatsApp groups!,,synthetic,,1,generated_fake
,URGENT SHARE NOW: CONFIRMED!!! DANGOTE SUSPENDS ALL BANKS CONFIDENTIAL SOURCES CONFIRM. FORWARD IMMEDIATELY TO ALL WHATSAPP GROUPS!,,synthetic,,1,generated_fake
,BREAKING NEWS: SHOCKING!!! CBN BANS WHATSAPP LEAKED DOCUMENTS REVEAL. SHARE TO ALL GROUPS! DON'T IGNORE THIS!,,synthetic,,1,generated_fake
,CONFIRMED!!! GOVERNOR SANWO-OLU BANS WHATSAPP LEAKED DOCUMENTS REVEAL. THIS IS A MUST READ! SHARE NOW!,,synthetic,,1,generated_fake
,BREAKING NEWS: SHOCKING!!! DANGOTE RESIGNS IN SHOCKING DEVELOPMENT. SHARE TO ALL GROUPS! DON'T IGNORE THIS!,,synthetic,,1,generated_fake
,BREAKING NEWS: SHOCKING!!! INEC announces new tax confidential sources confirm. SHARE TO ALL GROUPS! DON'T IGNORE THIS!,,synthetic,,1,generated_fake
,URGENT SHARE NOW: CONFIRMED!!! Pastor Adeboye suspends all banks in shocking development. Forward immediately to all WhatsApp groups!,,synthetic,,1,generated_fake
,BREAKING NEWS: SHOCKING!!! BISHOP OYEDEPO ANNOUNCES NEW TAX LEAKED DOCUMENTS REVEAL. SHARE TO ALL GROUPS! DON'T IGNORE THIS!,,synthetic,,1,generated_fake
,URGENT SHARE NOW: CONFIRMED!!! EFCC SUSPENDS ALL BANKS CONFIDENTIAL SOURCES CONFIRM. FORWARD IMMEDIATELY TO ALL WHATSAPP GROUPS!,,synthetic,,1,generated_fake
,URGENT SHARE NOW: CONFIRMED!!! Governor Sanwo-Olu resigns after emergency meeting. Forward immediately to all WhatsApp groups!,,synthetic,,1,generated_fake
,BREAKING NEWS: SHOCKING!!! APC announces new tax confidential sources confirm. SHARE TO ALL GROUPS! DON'T IGNORE THIS!,,synthetic,,1,generated_fake
,BREAKING NEWS: SHOCKING!!! INEC SUSPENDS ALL BANKS CONFIDENTIAL SOURCES CONFIRM. SHARE TO ALL GROUPS! DON'T IGNORE THIS!,,synthetic,,1,generated_fake
,URGENT SHARE NOW: CONFIRMED!!! President Tinubu bans WhatsApp after emergency meeting. Forward immediately to all WhatsApp groups!,,synthetic,,1,generated_fake
,BREAKING NEWS: SHOCKING!!! DANGOTE FLEES COUNTRY EFFECTIVE IMMEDIATELY. SHARE TO ALL GROUPS! DON'T IGNORE THIS!,,synthetic,,1,generated_fake
,URGENT SHARE NOW: CONFIRMED!!! CBN ANNOUNCES NEW TAX BREAKING OVERNIGHT. FORWARD IMMEDIATELY TO ALL WHATSAPP GROUPS!,,synthetic,,1,generated_fake
,BREAKING NEWS: SHOCKING!!! President Tinubu sentenced to prison in shocking development. SHARE TO ALL GROUPS! DON'T IGNORE THIS!,,synthetic,,1,generated_fake
,URGENT SHARE NOW: CONFIRMED!!! Governor Sanwo-Olu resigns effective immediately. Forward immediately to all WhatsApp groups!,,synthetic,,1,generated_fake
,BREAKING NEWS: SHOCKING!!! INEC ANNOUNCES NEW TAX EFFECTIVE IMMEDIATELY. SHARE TO ALL GROUPS! DON'T IGNORE THIS!,,synthetic,,1,generated_fake
,BREAKING NEWS: SHOCKING!!! INEC resigns after emergency meeting. SHARE TO ALL GROUPS! DON'T IGNORE THIS!,,synthetic,,1,generated_fake
,BREAKING NEWS: SHOCKING!!! PRESIDENT TINUBU ANNOUNCES NEW TAX BREAKING OVERNIGHT. SHARE TO ALL GROUPS! DON'T IGNORE THIS!,,synthetic,,1,generated_fake
,BREAKING NEWS: SHOCKING!!! APC resigns effective immediately. SHARE TO ALL GROUPS! DON'T IGNORE THIS!,,synthetic,,1,generated_fake
,URGENT SHARE NOW: CONFIRMED!!! PRESIDENT TINUBU ARRESTED EFFECTIVE IMMEDIATELY. FORWARD IMMEDIATELY TO ALL WHATSAPP GROUPS!,,synthetic,,1,generated_fake
,BREAKING NEWS: SHOCKING!!! Governor Sanwo-Olu sentenced to prison in shocking development. SHARE TO ALL GROUPS! DON'T IGNORE THIS!,,synthetic,,1,generated_fake
,BREAKING NEWS: SHOCKING!!! APC dies suddenly in shocking development. SHARE TO ALL GROUPS! DON'T IGNORE THIS!,,synthetic,,1,generated_fake
,URGENT SHARE NOW: CONFIRMED!!! DANGOTE DIES SUDDENLY BREAKING OVERNIGHT. FORWARD IMMEDIATELY TO ALL WHATSAPP GROUPS!,,synthetic,,1,generated_fake
,BREAKING NEWS: SHOCKING!!! APC arrested effective immediately. SHARE TO ALL GROUPS! DON'T IGNORE THIS!,,synthetic,,1,generated_fake
,BREAKING NEWS: SHOCKING!!! PASTOR ADEBOYE SUSPENDS ALL BANKS IN SHOCKING DEVELOPMENT. SHARE TO ALL GROUPS! DON'T IGNORE THIS!,,synthetic,,1,generated_fake
,BREAKING NEWS: SHOCKING!!! EFCC RESIGNS EFFECTIVE IMMEDIATELY. SHARE TO ALL GROUPS! DON'T IGNORE THIS!,,synthetic,,1,generated_fake
,URGENT SHARE NOW: CONFIRMED!!! PDP ARRESTED BREAKING OVERNIGHT. FORWARD IMMEDIATELY TO ALL WHATSAPP GROUPS!,,synthetic,,1,generated_fake
,URGENT SHARE NOW: CONFIRMED!!! CBN FIRED CONFIDENTIAL SOURCES CONFIRM. FORWARD IMMEDIATELY TO ALL WHATSAPP GROUPS!,,synthetic,,1,generated_fake
,BREAKING NEWS: SHOCKING!!! APC announces new tax after emergency meeting. SHARE TO ALL GROUPS! DON'T IGNORE THIS!,,synthetic,,1,generated_fake
,URGENT SHARE NOW: CONFIRMED!!! DANGOTE BANS WHATSAPP IN SHOCKING DEVELOPMENT. FORWARD IMMEDIATELY TO ALL WHATSAPP GROUPS!,,synthetic,,1,generated_fake
,URGENT SHARE NOW: CONFIRMED!!! Dangote dies suddenly breaking overnight. Forward immediately to all WhatsApp groups!,,synthetic,,1,generated_fake
,BREAKING NEWS: SHOCKING!!! EFCC resigns confidential sources confirm. SHARE TO ALL GROUPS! DON'T IGNORE THIS!,,synthetic,,1,generated_fake
,URGENT SHARE NOW: CONFIRMED!!! GOVERNOR SANWO-OLU ARRESTED AFTER EMERGENCY MEETING. FORWARD IMMEDIATELY TO ALL WHATSAPP GROUPS!,,synthetic,,1,generated_fake
,BREAKING NEWS: SHOCKING!!! Pastor Adeboye arrested after emergency meeting. SHARE TO ALL GROUPS! DON'T IGNORE THIS!,,synthetic,,1,generated_fake
,BREAKING NEWS: SHOCKING!!! Dangote dies suddenly in shocking development. SHARE TO ALL GROUPS! DON'T IGNORE THIS!,,synthetic,,1,generated_fake
,BREAKING NEWS: SHOCKING!!! APC flees country confidential sources confirm. SHARE TO ALL GROUPS! DON'T IGNORE THIS!,,synthetic,,1,generated_fake
,BREAKING NEWS: SHOCKING!!! CBN suspends all banks confidential sources confirm. SHARE TO ALL GROUPS! DON'T IGNORE THIS!,,synthetic,,1,generated_fake
,BREAKING NEWS: SHOCKING!!! PRESIDENT TINUBU SUSPENDS ALL BANKS AFTER EMERGENCY MEETING. SHARE TO ALL GROUPS! DON'T IGNORE THIS!,,synthetic,,1,generated_fake
,URGENT SHARE NOW: CONFIRMED!!! Bishop Oyedepo arrested effective immediately. Forward immediately to all WhatsApp groups!,,synthetic,,1,generated_fake
,URGENT SHARE NOW: CONFIRMED!!! Dangote announces new tax confidential sources confirm. Forward immediately to all WhatsApp groups!,,synthetic,,1,generated_fake
,URGENT SHARE NOW: CONFIRMED!!! PDP flees country leaked documents reveal. Forward immediately to all WhatsApp groups!,,synthetic,,1,generated_fake
,BREAKING NEWS: SHOCKING!!! BISHOP OYEDEPO ANNOUNCES NEW TAX EFFECTIVE IMMEDIATELY. SHARE TO ALL GROUPS! DON'T IGNORE THIS!,,synthetic,,1,generated_fake
,URGENT SHARE NOW: CONFIRMED!!! DANGOTE FIRED IN SHOCKING DEVELOPMENT. FORWARD IMMEDIATELY TO ALL WHATSAPP GROUPS!,,synthetic,,1,generated_fake
,URGENT SHARE NOW: CONFIRMED!!! GOVERNOR SANWO-OLU SUSPENDS ALL BANKS LEAKED DOCUMENTS REVEAL. FORWARD IMMEDIATELY TO ALL WHATSAPP GROUPS!,,synthetic,,1,generated_fake
,URGENT SHARE NOW: CONFIRMED!!! CBN RESIGNS EFFECTIVE IMMEDIATELY. FORWARD IMMEDIATELY TO ALL WHATSAPP GROUPS!,,synthetic,,1,generated_fake
,BREAKING NEWS: SHOCKING!!! PRESIDENT TINUBU SENTENCED TO PRISON AFTER EMERGENCY MEETING. SHARE TO ALL GROUPS! DON'T IGNORE THIS!,,synthetic,,1,generated_fake
,URGENT SHARE NOW: CONFIRMED!!! Governor Sanwo-Olu sentenced to prison leaked documents reveal. Forward immediately to all WhatsApp groups!,,synthetic,,1,generated_fake
,URGENT SHARE NOW: CONFIRMED!!! PDP ARRESTED AFTER EMERGENCY MEETING. FORWARD IMMEDIATELY TO ALL WHATSAPP GROUPS!,,synthetic,,1,generated_fake
,BREAKING NEWS: SHOCKING!!! BISHOP OYEDEPO DIES SUDDENLY AFTER EMERGENCY MEETING. SHARE TO ALL GROUPS! DON'T IGNORE THIS!,,synthetic,,1,generated_fake
,URGENT SHARE NOW: CONFIRMED!!! PDP fired confidential sources confirm. Forward immediately to all WhatsApp groups!,,synthetic,,1,generated_fake
,URGENT SHARE NOW: CONFIRMED!!! Pastor Adeboye flees country in shocking development. Forward immediately to all WhatsApp groups!,,synthetic,,1,generated_fake
,BREAKING NEWS: SHOCKING!!! BISHOP OYEDEPO DIES SUDDENLY EFFECTIVE IMMEDIATELY. SHARE TO ALL GROUPS! DON'T IGNORE THIS!,,synthetic,,1,generated_fake
,URGENT SHARE NOW: CONFIRMED!!! PDP RESIGNS LEAKED DOCUMENTS REVEAL. FORWARD IMMEDIATELY TO ALL WHATSAPP GROUPS!,,synthetic,,1,generated_fake
,URGENT SHARE NOW: CONFIRMED!!! CBN DIES SUDDENLY CONFIDENTIAL SOURCES CONFIRM. FORWARD IMMEDIATELY TO ALL WHATSAPP GROUPS!,,synthetic,,1,generated_fake
,BREAKING NEWS: SHOCKING!!! APC resigns leaked documents reveal. SHARE TO ALL GROUPS! DON'T IGNORE THIS!,,synthetic,,1,generated_fake
,BREAKING NEWS: SHOCKING!!! INEC fired after emergency meeting. SHARE TO ALL GROUPS! DON'T IGNORE THIS!,,synthetic,,1,generated_fake
,BREAKING NEWS: SHOCKING!!! GOVERNOR SANWO-OLU SUSPENDS ALL BANKS IN SHOCKING DEVELOPMENT. SHARE TO ALL GROUPS! DON'T IGNORE THIS!,,synthetic,,1,generated_fake
,BREAKING NEWS: SHOCKING!!! Dangote resigns effective immediately. SHARE TO ALL GROUPS! DON'T IGNORE THIS!,,synthetic,,1,generated_fake
,BREAKING NEWS: SHOCKING!!! EFCC SUSPENDS ALL BANKS BREAKING OVERNIGHT. SHARE TO ALL GROUPS! DON'T IGNORE THIS!,,synthetic,,1,generated_fake
,URGENT SHARE NOW: CONFIRMED!!! BISHOP OYEDEPO ANNOUNCES NEW TAX CONFIDENTIAL SOURCES CONFIRM. FORWARD IMMEDIATELY TO ALL WHATSAPP GROUPS!,,synthetic,,1,generated_fake
,BREAKING NEWS: SHOCKING!!! INEC dies suddenly breaking overnight. SHARE TO ALL GROUPS! DON'T IGNORE THIS!,,synthetic,,1,generated_fake
,URGENT SHARE NOW: CONFIRMED!!! CBN SUSPENDS ALL BANKS BREAKING OVERNIGHT. FORWARD IMMEDIATELY TO ALL WHATSAPP GROUPS!,,synthetic,,1,generated_fake
,BREAKING NEWS: SHOCKING!!! Dangote arrested breaking overnight. SHARE TO ALL GROUPS! DON'T IGNORE THIS!,,synthetic,,1,generated_fake
,URGENT SHARE NOW: CONFIRMED!!! Pastor Adeboye sentenced to prison breaking overnight. Forward immediately to all WhatsApp groups!,,synthetic,,1,generated_fake
,BREAKING NEWS: SHOCKING!!! INEC SENTENCED TO PRISON IN SHOCKING DEVELOPMENT. SHARE TO ALL GROUPS! DON'T IGNORE THIS!,,synthetic,,1,generated_fake
,BREAKING NEWS: SHOCKING!!! PASTOR ADEBOYE SENTENCED TO PRISON AFTER EMERGENCY MEETING. SHARE TO ALL GROUPS! DON'T IGNORE THIS!,,synthetic,,1,generated_fake
,URGENT SHARE NOW: CONFIRMED!!! EFCC ANNOUNCES NEW TAX IN SHOCKING DEVELOPMENT. FORWARD IMMEDIATELY TO ALL WHATSAPP GROUPS!,,synthetic,,1,generated_fake
,URGENT SHARE NOW: CONFIRMED!!! Dangote bans WhatsApp in shocking development. Forward immediately to all WhatsApp groups!,,synthetic,,1,generated_fake
,BREAKING NEWS: SHOCKING!!! PRESIDENT TINUBU FLEES COUNTRY IN SHOCKING DEVELOPMENT. SHARE TO ALL GROUPS! DON'T IGNORE THIS!,,synthetic,,1,generated_fake
,BREAKING NEWS: SHOCKING!!! INEC DIES SUDDENLY IN SHOCKING DEVELOPMENT. SHARE TO ALL GROUPS! DON'T IGNORE THIS!,,synthetic,,1,generated_fake
,BREAKING NEWS: SHOCKING!!! CBN bans WhatsApp after emergency meeting. SHARE TO ALL GROUPS! DON'T IGNORE THIS!,,synthetic,,1,generated_fake
,URGENT SHARE NOW: CONFIRMED!!! APC announces new tax after emergency meeting. Forward immediately to all WhatsApp groups!,,synthetic,,1,generated_fake
,CONFIRMED!!! GOVERNOR SANWO-OLU SENTENCED TO PRISON LEAKED DOCUMENTS REVEAL. THIS IS A MUST READ! SHARE NOW!,,synthetic,,1,generated_fake
,URGENT SHARE NOW: CONFIRMED!!! INEC resigns after emergency meeting. Forward immediately to all WhatsApp groups!,,synthetic,,1,generated_fake
,URGENT SHARE NOW: CONFIRMED!!! CBN bans WhatsApp breaking overnight. Forward immediately to all WhatsApp groups!,,synthetic,,1,generated_fake
,URGENT SHARE NOW: CONFIRMED!!! Governor Sanwo-Olu arrested effective immediately. Forward immediately to all WhatsApp groups!,,synthetic,,1,generated_fake
,BREAKING NEWS: SHOCKING!!! APC arrested leaked documents reveal. SHARE TO ALL GROUPS! DON'T IGNORE THIS!,,synthetic,,1,generated_fake
,BREAKING NEWS: SHOCKING!!! PRESIDENT TINUBU DIES SUDDENLY CONFIDENTIAL SOURCES CONFIRM. SHARE TO ALL GROUPS! DON'T IGNORE THIS!,,synthetic,,1,generated_fake
,BREAKING NEWS: SHOCKING!!! President Tinubu fired confidential sources confirm. SHARE TO ALL GROUPS! DON'T IGNORE THIS!,,synthetic,,1,generated_fake
,URGENT SHARE NOW: CONFIRMED!!! DANGOTE SENTENCED TO PRISON IN SHOCKING DEVELOPMENT. FORWARD IMMEDIATELY TO ALL WHATSAPP GROUPS!,,synthetic,,1,generated_fake
,BREAKING NEWS: SHOCKING!!! INEC resigns effective immediately. SHARE TO ALL GROUPS! DON'T IGNORE THIS!,,synthetic,,1,generated_fake
,URGENT SHARE NOW: CONFIRMED!!! PRESIDENT TINUBU SUSPENDS ALL BANKS CONFIDENTIAL SOURCES CONFIRM. FORWARD IMMEDIATELY TO ALL WHATSAPP GROUPS!,,synthetic,,1,generated_fake
,URGENT SHARE NOW: CONFIRMED!!! GOVERNOR SANWO-OLU ANNOUNCES NEW TAX BREAKING OVERNIGHT. FORWARD IMMEDIATELY TO ALL WHATSAPP GROUPS!,,synthetic,,1,generated_fake
,URGENT SHARE NOW: CONFIRMED!!! EFCC DIES SUDDENLY IN SHOCKING DEVELOPMENT. FORWARD IMMEDIATELY TO ALL WHATSAPP GROUPS!,,synthetic,,1,generated_fake
,URGENT SHARE NOW: CONFIRMED!!! PASTOR ADEBOYE RESIGNS AFTER EMERGENCY MEETING. FORWARD IMMEDIATELY TO ALL WHATSAPP GROUPS!,,synthetic,,1,generated_fake
,URGENT SHARE NOW: CONFIRMED!!! PASTOR ADEBOYE FLEES COUNTRY LEAKED DOCUMENTS REVEAL. FORWARD IMMEDIATELY TO ALL WHATSAPP GROUPS!,,synthetic,,1,generated_fake
,URGENT SHARE NOW: CONFIRMED!!! DANGOTE FIRED AFTER EMERGENCY MEETING. FORWARD IMMEDIATELY TO ALL WHATSAPP GROUPS!,,synthetic,,1,generated_fake
,URGENT SHARE NOW: CONFIRMED!!! CBN suspends all banks leaked documents reveal. Forward immediately to all WhatsApp groups!,,synthetic,,1,generated_fake
,URGENT SHARE NOW: CONFIRMED!!! Dangote sentenced to prison effective immediately. Forward immediately to all WhatsApp groups!,,synthetic,,1,generated_fake
,BREAKING NEWS: SHOCKING!!! Dangote sentenced to prison confidential sources confirm. SHARE TO ALL GROUPS! DON'T IGNORE THIS!,,synthetic,,1,generated_fake
,URGENT SHARE NOW: CONFIRMED!!! APC fired after emergency meeting. Forward immediately to all WhatsApp groups!,,synthetic,,1,generated_fake
,URGENT SHARE NOW: CONFIRMED!!! Pastor Adeboye suspends all banks leaked documents reveal. Forward immediately to all WhatsApp groups!,,synthetic,,1,generated_fake
,BREAKING NEWS: SHOCKING!!! Bishop Oyedepo dies suddenly confidential sources confirm. SHARE TO ALL GROUPS! DON'T IGNORE THIS!,,synthetic,,1,generated_fake
,BREAKING NEWS: SHOCKING!!! PRESIDENT TINUBU FIRED CONFIDENTIAL SOURCES CONFIRM. SHARE TO ALL GROUPS! DON'T IGNORE THIS!,,synthetic,,1,generated_fake
,BREAKING NEWS: SHOCKING!!! INEC dies suddenly in shocking development. SHARE TO ALL GROUPS! DON'T IGNORE THIS!,,synthetic,,1,generated_fake
,URGENT SHARE NOW: CONFIRMED!!! APC FIRED CONFIDENTIAL SOURCES CONFIRM. FORWARD IMMEDIATELY TO ALL WHATSAPP GROUPS!,,synthetic,,1,generated_fake
,URGENT SHARE NOW: CONFIRMED!!! INEC RESIGNS AFTER EMERGENCY MEETING. FORWARD IMMEDIATELY TO ALL WHATSAPP GROUPS!,,synthetic,,1,generated_fake
,BREAKING NEWS: SHOCKING!!! APC sentenced to prison leaked documents reveal. SHARE TO ALL GROUPS! DON'T IGNORE THIS!,,synthetic,,1,generated_fake
,URGENT SHARE NOW: CONFIRMED!!! President Tinubu sentenced to prison leaked documents reveal. Forward immediately to all WhatsApp groups!,,synthetic,,1,generated_fake
,BREAKING NEWS: SHOCKING!!! Governor Sanwo-Olu resigns confidential sources confirm. SHARE TO ALL GROUPS! DON'T IGNORE THIS!,,synthetic,,1,generated_fake
,CONFIRMED!!! GOVERNOR SANWO-OLU SUSPENDS ALL BANKS EFFECTIVE IMMEDIATELY. THIS IS A MUST READ! SHARE NOW!,,synthetic,,1,generated_fake
,BREAKING NEWS: SHOCKING!!! EFCC RESIGNS LEAKED DOCUMENTS REVEAL. SHARE TO ALL GROUPS! DON'T IGNORE THIS!,,synthetic,,1,generated_fake
,BREAKING NEWS: SHOCKING!!! GOVERNOR SANWO-OLU RESIGNS CONFIDENTIAL SOURCES CONFIRM. SHARE TO ALL GROUPS! DON'T IGNORE THIS!,,synthetic,,1,generated_fake
,BREAKING NEWS: SHOCKING!!! Bishop Oyedepo suspends all banks breaking overnight. SHARE TO ALL GROUPS! DON'T IGNORE THIS!,,synthetic,,1,generated_fake
,BREAKING NEWS: SHOCKING!!! CBN DIES SUDDENLY AFTER EMERGENCY MEETING. SHARE TO ALL GROUPS! DON'T IGNORE THIS!,,synthetic,,1,generated_fake
,URGENT SHARE NOW: CONFIRMED!!! PDP sentenced to prison leaked documents reveal. Forward immediately to all WhatsApp groups!,,synthetic,,1,generated_fake
,CONFIRMED!!! Governor Sanwo-Olu announces new tax breaking overnight. This is a MUST READ! Share now!,,synthetic,,1,generated_fake
,CONFIRMED!!! PASTOR ADEBOYE SENTENCED TO PRISON EFFECTIVE IMMEDIATELY. THIS IS A MUST READ! SHARE NOW!,,synthetic,,1,generated_fake
,URGENT SHARE NOW: CONFIRMED!!! PDP suspends all banks effective immediately. Forward immediately to all WhatsApp groups!,,synthetic,,1,generated_fake
,URGENT SHARE NOW: CONFIRMED!!! GOVERNOR SANWO-OLU SENTENCED TO PRISON IN SHOCKING DEVELOPMENT. FORWARD IMMEDIATELY TO ALL WHATSAPP GROUPS!,,synthetic,,1,generated_fake
,URGENT SHARE NOW: CONFIRMED!!! APC RESIGNS CONFIDENTIAL SOURCES CONFIRM. FORWARD IMMEDIATELY TO ALL WHATSAPP GROUPS!,,synthetic,,1,generated_fake
,URGENT SHARE NOW: CONFIRMED!!! INEC SENTENCED TO PRISON BREAKING OVERNIGHT. FORWARD IMMEDIATELY TO ALL WHATSAPP GROUPS!,,synthetic,,1,generated_fake
,BREAKING NEWS: SHOCKING!!! PDP ARRESTED EFFECTIVE IMMEDIATELY. SHARE TO ALL GROUPS! DON'T IGNORE THIS!,,synthetic,,1,generated_fake
,URGENT SHARE NOW: CONFIRMED!!! PASTOR ADEBOYE ARRESTED AFTER EMERGENCY MEETING. FORWARD IMMEDIATELY TO ALL WHATSAPP GROUPS!,,synthetic,,1,generated_fake
,BREAKING NEWS: SHOCKING!!! Bishop Oyedepo suspends all banks effective immediately. SHARE TO ALL GROUPS! DON'T IGNORE THIS!,,synthetic,,1,generated_fake
,BREAKING NEWS: SHOCKING!!! PDP RESIGNS AFTER EMERGENCY MEETING. SHARE TO ALL GROUPS! DON'T IGNORE THIS!,,synthetic,,1,generated_fake
,URGENT SHARE NOW: CONFIRMED!!! CBN dies suddenly leaked documents reveal. Forward immediately to all WhatsApp groups!,,synthetic,,1,generated_fake
,BREAKING NEWS: SHOCKING!!! Governor Sanwo-Olu bans WhatsApp after emergency meeting. SHARE TO ALL GROUPS! DON'T IGNORE THIS!,,synthetic,,1,generated_fake
,URGENT SHARE NOW: CONFIRMED!!! Governor Sanwo-Olu arrested breaking overnight. Forward immediately to all WhatsApp groups!,,synthetic,,1,generated_fake
,BREAKING NEWS: SHOCKING!!! PRESIDENT TINUBU ARRESTED EFFECTIVE IMMEDIATELY. SHARE TO ALL GROUPS! DON'T IGNORE THIS!,,synthetic,,1,generated_fake
,BREAKING NEWS: SHOCKING!!! PRESIDENT TINUBU SUSPENDS ALL BANKS BREAKING OVERNIGHT. SHARE TO ALL GROUPS! DON'T IGNORE THIS!,,synthetic,,1,generated_fake
,URGENT SHARE NOW: CONFIRMED!!! Pastor Adeboye resigns leaked documents reveal. Forward immediately to all WhatsApp groups!,,synthetic,,1,generated_fake
,URGENT SHARE NOW: CONFIRMED!!! Bishop Oyedepo announces new tax effective immediately. Forward immediately to all WhatsApp groups!,,synthetic,,1,generated_fake
,URGENT SHARE NOW: CONFIRMED!!! Bishop Oyedepo resigns breaking overnight. Forward immediately to all WhatsApp groups!,,synthetic,,1,generated_fake
,BREAKING NEWS: SHOCKING!!! GOVERNOR SANWO-OLU ARRESTED EFFECTIVE IMMEDIATELY. SHARE TO ALL GROUPS! DON'T IGNORE THIS!,,synthetic,,1,generated_fake
,BREAKING NEWS: SHOCKING!!! BISHOP OYEDEPO FLEES COUNTRY AFTER EMERGENCY MEETING. SHARE TO ALL GROUPS! DON'T IGNORE THIS!,,synthetic,,1,generated_fake
,BREAKING NEWS: SHOCKING!!! PDP SUSPENDS ALL BANKS LEAKED DOCUMENTS REVEAL. SHARE TO ALL GROUPS! DON'T IGNORE THIS!,,synthetic,,1,generated_fake
,URGENT SHARE NOW: CONFIRMED!!! CBN suspends all banks in shocking development. Forward immediately to all WhatsApp groups!,,synthetic,,1,generated_fake
,URGENT SHARE NOW: CONFIRMED!!! BISHOP OYEDEPO FLEES COUNTRY BREAKING OVERNIGHT. FORWARD IMMEDIATELY TO ALL WHATSAPP GROUPS!,,synthetic,,1,generated_fake
,BREAKING NEWS: SHOCKING!!! PDP DIES SUDDENLY BREAKING OVERNIGHT. SHARE TO ALL GROUPS! DON'T IGNORE THIS!,,synthetic,,1,generated_fake
,URGENT SHARE NOW: CONFIRMED!!! GOVERNOR SANWO-OLU RESIGNS IN SHOCKING DEVELOPMENT. FORWARD IMMEDIATELY TO ALL WHATSAPP GROUPS!,,synthetic,,1,generated_fake
,BREAKING NEWS: SHOCKING!!! DANGOTE ANNOUNCES NEW TAX IN SHOCKING DEVELOPMENT. SHARE TO ALL GROUPS! DON'T IGNORE THIS!,,synthetic,,1,generated_fake
,BREAKING NEWS: SHOCKING!!! DANGOTE SENTENCED TO PRISON AFTER EMERGENCY MEETING. SHARE TO ALL GROUPS! DON'T IGNORE THIS!,,synthetic,,1,generated_fake
,BREAKING NEWS: SHOCKING!!! APC flees country leaked documents reveal. SHARE TO ALL GROUPS! DON'T IGNORE THIS!,,synthetic,,1,generated_fake
,BREAKING NEWS: SHOCKING!!! Bishop Oyedepo resigns breaking overnight. SHARE TO ALL GROUPS! DON'T IGNORE THIS!,,synthetic,,1,generated_fake
,URGENT SHARE NOW: CONFIRMED!!! Dangote announces new tax in shocking development. Forward immediately to all WhatsApp groups!,,synthetic,,1,generated_fake
,BREAKING NEWS: SHOCKING!!! CBN flees country effective immediately. SHARE TO ALL GROUPS! DON'T IGNORE THIS!,,synthetic,,1,generated_fake
,URGENT SHARE NOW: CONFIRMED!!! DANGOTE FLEES COUNTRY CONFIDENTIAL SOURCES CONFIRM. FORWARD IMMEDIATELY TO ALL WHATSAPP GROUPS!,,synthetic,,1,generated_fake
,BREAKING NEWS: SHOCKING!!! Dangote resigns in shocking development. SHARE TO ALL GROUPS! DON'T IGNORE THIS!,,synthetic,,1,generated_fake
,URGENT SHARE NOW: CONFIRMED!!! DANGOTE DIES SUDDENLY CONFIDENTIAL SOURCES CONFIRM. FORWARD IMMEDIATELY TO ALL WHATSAPP GROUPS!,,synthetic,,1,generated_fake
,CONFIRMED!!! Pastor Adeboye dies suddenly confidential sources confirm. This is a MUST READ! Share now!,,synthetic,,1,generated_fake
,CONFIRMED!!! Governor Sanwo-Olu dies suddenly after emergency meeting. This is a MUST READ! Share now!,,synthetic,,1,generated_fake
,BREAKING NEWS: SHOCKING!!! PASTOR ADEBOYE FLEES COUNTRY EFFECTIVE IMMEDIATELY. SHARE TO ALL GROUPS! DON'T IGNORE THIS!,,synthetic,,1,generated_fake
,URGENT SHARE NOW: CONFIRMED!!! Dangote fired effective immediately. Forward immediately to all WhatsApp groups!,,synthetic,,1,generated_fake
,URGENT SHARE NOW: CONFIRMED!!! CBN FIRED BREAKING OVERNIGHT. FORWARD IMMEDIATELY TO ALL WHATSAPP GROUPS!,,synthetic,,1,generated_fake
,URGENT SHARE NOW: CONFIRMED!!! GOVERNOR SANWO-OLU SUSPENDS ALL BANKS CONFIDENTIAL SOURCES CONFIRM. FORWARD IMMEDIATELY TO ALL WHATSAPP GROUPS!,,synthetic,,1,generated_fake
,BREAKING NEWS: SHOCKING!!! Pastor Adeboye fired in shocking development. SHARE TO ALL GROUPS! DON'T IGNORE THIS!,,synthetic,,1,generated_fake
,BREAKING NEWS: SHOCKING!!! Pastor Adeboye dies suddenly effective immediately. SHARE TO ALL GROUPS! DON'T IGNORE THIS!,,synthetic,,1,generated_fake
,URGENT SHARE NOW: CONFIRMED!!! INEC ANNOUNCES NEW TAX BREAKING OVERNIGHT. FORWARD IMMEDIATELY TO ALL WHATSAPP GROUPS!,,synthetic,,1,generated_fake
,BREAKING NEWS: SHOCKING!!! INEC sentenced to prison in shocking development. SHARE TO ALL GROUPS! DON'T IGNORE THIS!,,synthetic,,1,generated_fake
,URGENT SHARE NOW: CONFIRMED!!! PASTOR ADEBOYE ANNOUNCES NEW TAX LEAKED DOCUMENTS REVEAL. FORWARD IMMEDIATELY TO ALL WHATSAPP GROUPS!,,synthetic,,1,generated_fake
,CONFIRMED!!! Bishop Oyedepo sentenced to prison effective immediately. This is a MUST READ! Share now!,,synthetic,,1,generated_fake
,CONFIRMED!!! Governor Sanwo-Olu dies suddenly leaked documents reveal. This is a MUST READ! Share now!,,synthetic,,1,generated_fake
,URGENT SHARE NOW: CONFIRMED!!! INEC bans WhatsApp leaked documents reveal. Forward immediately to all WhatsApp groups!,,synthetic,,1,generated_fake
,URGENT SHARE NOW: CONFIRMED!!! BISHOP OYEDEPO FLEES COUNTRY CONFIDENTIAL SOURCES CONFIRM. FORWARD IMMEDIATELY TO ALL WHATSAPP GROUPS!,,synthetic,,1,generated_fake
,URGENT SHARE NOW: CONFIRMED!!! BISHOP OYEDEPO SENTENCED TO PRISON CONFIDENTIAL SOURCES CONFIRM. FORWARD IMMEDIATELY TO ALL WHATSAPP GROUPS!,,synthetic,,1,generated_fake
,BREAKING NEWS: SHOCKING!!! Bishop Oyedepo flees country leaked documents reveal. SHARE TO ALL GROUPS! DON'T IGNORE THIS!,,synthetic,,1,generated_fake
,URGENT SHARE NOW: CONFIRMED!!! Governor Sanwo-Olu suspends all banks effective immediately. Forward immediately to all WhatsApp groups!,,synthetic,,1,generated_fake
,URGENT SHARE NOW: CONFIRMED!!! President Tinubu flees country effective immediately. Forward immediately to all WhatsApp groups!,,synthetic,,1,generated_fake
,URGENT SHARE NOW: CONFIRMED!!! Dangote suspends all banks confidential sources confirm. Forward immediately to all WhatsApp groups!,,synthetic,,1,generated_fake
,BREAKING NEWS: SHOCKING!!! President Tinubu suspends all banks effective immediately. SHARE TO ALL GROUPS! DON'T IGNORE THIS!,,synthetic,,1,generated_fake
,URGENT SHARE NOW: CONFIRMED!!! APC resigns effective immediately. Forward immediately to all WhatsApp groups!,,synthetic,,1,generated_fake
,URGENT SHARE NOW: CONFIRMED!!! CBN fired breaking overnight. Forward immediately to all WhatsApp groups!,,synthetic,,1,generated_fake
,CONFIRMED!!! GOVERNOR SANWO-OLU FLEES COUNTRY CONFIDENTIAL SOURCES CONFIRM. THIS IS A MUST READ! SHARE NOW!,,synthetic,,1,generated_fake
,BREAKING NEWS: SHOCKING!!! PDP sentenced to prison confidential sources confirm. SHARE TO ALL GROUPS! DON'T IGNORE THIS!,,synthetic,,1,generated_fake
,URGENT SHARE NOW: CONFIRMED!!! CBN FLEES COUNTRY EFFECTIVE IMMEDIATELY. FORWARD IMMEDIATELY TO ALL WHATSAPP GROUPS!,,synthetic,,1,generated_fake
,BREAKING NEWS: SHOCKING!!! DANGOTE SUSPENDS ALL BANKS CONFIDENTIAL SOURCES CONFIRM. SHARE TO ALL GROUPS! DON'T IGNORE THIS!,,synthetic,,1,generated_fake
,URGENT SHARE NOW: CONFIRMED!!! Governor Sanwo-Olu resigns confidential sources confirm. Forward immediately to all WhatsApp groups!,,synthetic,,1,generated_fake
,BREAKING NEWS: SHOCKING!!! EFCC DIES SUDDENLY AFTER EMERGENCY MEETING. SHARE TO ALL GROUPS! DON'T IGNORE THIS!,,synthetic,,1,generated_fake
,URGENT SHARE NOW: CONFIRMED!!! PRESIDENT TINUBU BANS WHATSAPP IN SHOCKING DEVELOPMENT. FORWARD IMMEDIATELY TO ALL WHATSAPP GROUPS!,,synthetic,,1,generated_fake
,BREAKING NEWS: SHOCKING!!! EFCC announces new tax after emergency meeting. SHARE TO ALL GROUPS! DON'T IGNORE THIS!,,synthetic,,1,generated_fake
,BREAKING NEWS: SHOCKING!!! Governor Sanwo-Olu arrested after emergency meeting. SHARE TO ALL GROUPS! DON'T IGNORE THIS!,,synthetic,,1,generated_fake
,URGENT SHARE NOW: CONFIRMED!!! INEC resigns effective immediately. Forward immediately to all WhatsApp groups!,,synthetic,,1,generated_fake
,URGENT SHARE NOW: CONFIRMED!!! CBN SENTENCED TO PRISON AFTER EMERGENCY MEETING. FORWARD IMMEDIATELY TO ALL WHATSAPP GROUPS!,,synthetic,,1,generated_fake
,URGENT SHARE NOW: CONFIRMED!!! Bishop Oyedepo flees country breaking overnight. Forward immediately to all WhatsApp groups!,,synthetic,,1,generated_fake
,BREAKING NEWS: SHOCKING!!! CBN flees country leaked documents reveal. SHARE TO ALL GROUPS! DON'T IGNORE THIS!,,synthetic,,1,generated_fake
,CONFIRMED!!! Pastor Adeboye announces new tax after emergency meeting. This is a MUST READ! Share now!,,synthetic,,1,generated_fake
,URGENT SHARE NOW: CONFIRMED!!! EFCC flees country after emergency meeting. Forward immediately to all WhatsApp groups!,,synthetic,,1,generated_fake
,URGENT SHARE NOW: CONFIRMED!!! APC resigns in shocking development. Forward immediately to all WhatsApp groups!,,synthetic,,1,generated_fake
,CONFIRMED!!! GOVERNOR SANWO-OLU ANNOUNCES NEW TAX EFFECTIVE IMMEDIATELY. THIS IS A MUST READ! SHARE NOW!,,synthetic,,1,generated_fake
,BREAKING NEWS: SHOCKING!!! EFCC FLEES COUNTRY IN SHOCKING DEVELOPMENT. SHARE TO ALL GROUPS! DON'T IGNORE THIS!,,synthetic,,1,generated_fake
,BREAKING NEWS: SHOCKING!!! DANGOTE ARRESTED EFFECTIVE IMMEDIATELY. SHARE TO ALL GROUPS! DON'T IGNORE THIS!,,synthetic,,1,generated_fake
,BREAKING NEWS: SHOCKING!!! APC DIES SUDDENLY EFFECTIVE IMMEDIATELY. SHARE TO ALL GROUPS! DON'T IGNORE THIS!,,synthetic,,1,generated_fake
,CONFIRMED!!! PRESIDENT TINUBU SENTENCED TO PRISON BREAKING OVERNIGHT. THIS IS A MUST READ! SHARE NOW!,,synthetic,,1,generated_fake
,CONFIRMED!!! GOVERNOR SANWO-OLU SENTENCED TO PRISON BREAKING OVERNIGHT. THIS IS A MUST READ! SHARE NOW!,,synthetic,,1,generated_fake
,URGENT SHARE NOW: CONFIRMED!!! APC suspends all banks in shocking development. Forward immediately to all WhatsApp groups!,,synthetic,,1,generated_fake
,URGENT SHARE NOW: CONFIRMED!!! Bishop Oyedepo sentenced to prison breaking overnight. Forward immediately to all WhatsApp groups!,,synthetic,,1,generated_fake
,URGENT SHARE NOW: CONFIRMED!!! PASTOR ADEBOYE FLEES COUNTRY BREAKING OVERNIGHT. FORWARD IMMEDIATELY TO ALL WHATSAPP GROUPS!,,synthetic,,1,generated_fake
,CONFIRMED!!! President Tinubu sentenced to prison after emergency meeting. This is a MUST READ! Share now!,,synthetic,,1,generated_fake
,URGENT SHARE NOW: CONFIRMED!!! Dangote resigns after emergency meeting. Forward immediately to all WhatsApp groups!,,synthetic,,1,generated_fake
,BREAKING NEWS: SHOCKING!!! President Tinubu resigns breaking overnight. SHARE TO ALL GROUPS! DON'T IGNORE THIS!,,synthetic,,1,generated_fake
,BREAKING NEWS: SHOCKING!!! INEC SUSPENDS ALL BANKS IN SHOCKING DEVELOPMENT. SHARE TO ALL GROUPS! DON'T IGNORE THIS!,,synthetic,,1,generated_fake
,URGENT SHARE NOW: CONFIRMED!!! Pastor Adeboye fired in shocking development. Forward immediately to all WhatsApp groups!,,synthetic,,1,generated_fake
,BREAKING NEWS: SHOCKING!!! Governor Sanwo-Olu announces new tax after emergency meeting. SHARE TO ALL GROUPS! DON'T IGNORE THIS!,,synthetic,,1,generated_fake
,URGENT SHARE NOW: CONFIRMED!!! CBN suspends all banks after emergency meeting. Forward immediately to all WhatsApp groups!,,synthetic,,1,generated_fake
,URGENT SHARE NOW: CONFIRMED!!! BISHOP OYEDEPO DIES SUDDENLY BREAKING OVERNIGHT. FORWARD IMMEDIATELY TO ALL WHATSAPP GROUPS!,,synthetic,,1,generated_fake
,BREAKING NEWS: SHOCKING!!! CBN FLEES COUNTRY AFTER EMERGENCY MEETING. SHARE TO ALL GROUPS! DON'T IGNORE THIS!,,synthetic,,1,generated_fake
,URGENT SHARE NOW: CONFIRMED!!! Bishop Oyedepo flees country in shocking development. Forward immediately to all WhatsApp groups!,,synthetic,,1,generated_fake
,BREAKING NEWS: SHOCKING!!! EFCC DIES SUDDENLY CONFIDENTIAL SOURCES CONFIRM. SHARE TO ALL GROUPS! DON'T IGNORE THIS!,,synthetic,,1,generated_fake
,URGENT SHARE NOW: CONFIRMED!!! Bishop Oyedepo resigns in shocking development. Forward immediately to all WhatsApp groups!,,synthetic,,1,generated_fake
,CONFIRMED!!! GOVERNOR SANWO-OLU SUSPENDS ALL BANKS CONFIDENTIAL SOURCES CONFIRM. THIS IS A MUST READ! SHARE NOW!,,synthetic,,1,generated_fake
,URGENT SHARE NOW: CONFIRMED!!! BISHOP OYEDEPO FIRED BREAKING OVERNIGHT. FORWARD IMMEDIATELY TO ALL WHATSAPP GROUPS!,,synthetic,,1,generated_fake
,BREAKING NEWS: SHOCKING!!! President Tinubu sentenced to prison confidential sources confirm. SHARE TO ALL GROUPS! DON'T IGNORE THIS!,,synthetic,,1,generated_fake
,CONFIRMED!!! Pastor Adeboye bans WhatsApp confidential sources confirm. This is a MUST READ! Share now!,,synthetic,,1,generated_fake
,URGENT SHARE NOW: CONFIRMED!!! Dangote suspends all banks effective immediately. Forward immediately to all WhatsApp groups!,,synthetic,,1,generated_fake
,URGENT SHARE NOW: CONFIRMED!!! CBN ARRESTED CONFIDENTIAL SOURCES CONFIRM. FORWARD IMMEDIATELY TO ALL WHATSAPP GROUPS!,,synthetic,,1,generated_fake
,BREAKING NEWS: SHOCKING!!! PDP FIRED CONFIDENTIAL SOURCES CONFIRM. SHARE TO ALL GROUPS! DON'T IGNORE THIS!,,synthetic,,1,generated_fake
,URGENT SHARE NOW: CONFIRMED!!! DANGOTE ARRESTED LEAKED DOCUMENTS REVEAL. FORWARD IMMEDIATELY TO ALL WHATSAPP GROUPS!,,synthetic,,1,generated_fake
,URGENT SHARE NOW: CONFIRMED!!! PASTOR ADEBOYE SENTENCED TO PRISON BREAKING OVERNIGHT. FORWARD IMMEDIATELY TO ALL WHATSAPP GROUPS!,,synthetic,,1,generated_fake
,CONFIRMED!!! PASTOR ADEBOYE ANNOUNCES NEW TAX LEAKED DOCUMENTS REVEAL. THIS IS A MUST READ! SHARE NOW!,,synthetic,,1,generated_fake
,BREAKING NEWS: SHOCKING!!! EFCC bans WhatsApp after emergency meeting. SHARE TO ALL GROUPS! DON'T IGNORE THIS!,,synthetic,,1,generated_fake
,URGENT SHARE NOW: CONFIRMED!!! Bishop Oyedepo resigns after emergency meeting. Forward immediately to all WhatsApp groups!,,synthetic,,1,generated_fake
,BREAKING NEWS: SHOCKING!!! INEC RESIGNS EFFECTIVE IMMEDIATELY. SHARE TO ALL GROUPS! DON'T IGNORE THIS!,,synthetic,,1,generated_fake
,BREAKING NEWS: SHOCKING!!! Bishop Oyedepo dies suddenly breaking overnight. SHARE TO ALL GROUPS! DON'T IGNORE THIS!,,synthetic,,1,generated_fake
,BREAKING NEWS: SHOCKING!!! BISHOP OYEDEPO RESIGNS BREAKING OVERNIGHT. SHARE TO ALL GROUPS! DON'T IGNORE THIS!,,synthetic,,1,generated_fake
,URGENT SHARE NOW: CONFIRMED!!! President Tinubu announces new tax effective immediately. Forward immediately to all WhatsApp groups!,,synthetic,,1,generated_fake
,URGENT SHARE NOW: CONFIRMED!!! DANGOTE DIES SUDDENLY AFTER EMERGENCY MEETING. FORWARD IMMEDIATELY TO ALL WHATSAPP GROUPS!,,synthetic,,1,generated_fake
,BREAKING NEWS: SHOCKING!!! PDP ANNOUNCES NEW TAX BREAKING OVERNIGHT. SHARE TO ALL GROUPS! DON'T IGNORE THIS!,,synthetic,,1,generated_fake
,URGENT SHARE NOW: CONFIRMED!!! INEC announces new tax in shocking development. Forward immediately to all WhatsApp groups!,,synthetic,,1,generated_fake
,URGENT SHARE NOW: CONFIRMED!!! PDP SENTENCED TO PRISON BREAKING OVERNIGHT. FORWARD IMMEDIATELY TO ALL WHATSAPP GROUPS!,,synthetic,,1,generated_fake
,CONFIRMED!!! Governor Sanwo-Olu dies suddenly in shocking development. This is a MUST READ! Share now!,,synthetic,,1,generated_fake
,BREAKING NEWS: SHOCKING!!! EFCC sentenced to prison confidential sources confirm. SHARE TO ALL GROUPS! DON'T IGNORE THIS!,,synthetic,,1,generated_fake
,CONFIRMED!!! PASTOR ADEBOYE FLEES COUNTRY CONFIDENTIAL SOURCES CONFIRM. THIS IS A MUST READ! SHARE NOW!,,synthetic,,1,generated_fake
,BREAKING NEWS: SHOCKING!!! BISHOP OYEDEPO ARRESTED CONFIDENTIAL SOURCES CONFIRM. SHARE TO ALL GROUPS! DON'T IGNORE THIS!,,synthetic,,1,generated_fake
,URGENT SHARE NOW: CONFIRMED!!! President Tinubu resigns breaking overnight. Forward immediately to all WhatsApp groups!,,synthetic,,1,generated_fake
,URGENT SHARE NOW: CONFIRMED!!! EFCC arrested leaked documents reveal. Forward immediately to all WhatsApp groups!,,synthetic,,1,generated_fake
,CONFIRMED!!! BISHOP OYEDEPO SUSPENDS ALL BANKS CONFIDENTIAL SOURCES CONFIRM. THIS IS A MUST READ! SHARE NOW!,,synthetic,,1,generated_fake
,BREAKING NEWS: SHOCKING!!! INEC BANS WHATSAPP EFFECTIVE IMMEDIATELY. SHARE TO ALL GROUPS! DON'T IGNORE THIS!,,synthetic,,1,generated_fake
,BREAKING NEWS: SHOCKING!!! PASTOR ADEBOYE ARRESTED EFFECTIVE IMMEDIATELY. SHARE TO ALL GROUPS! DON'T IGNORE THIS!,,synthetic,,1,generated_fake
,BREAKING NEWS: SHOCKING!!! PRESIDENT TINUBU FIRED IN SHOCKING DEVELOPMENT. SHARE TO ALL GROUPS! DON'T IGNORE THIS!,,synthetic,,1,generated_fake
,URGENT SHARE NOW: CONFIRMED!!! PASTOR ADEBOYE ARRESTED LEAKED DOCUMENTS REVEAL. FORWARD IMMEDIATELY TO ALL WHATSAPP GROUPS!,,synthetic,,1,generated_fake
,BREAKING NEWS: SHOCKING!!! BISHOP OYEDEPO RESIGNS AFTER EMERGENCY MEETING. SHARE TO ALL GROUPS! DON'T IGNORE THIS!,,synthetic,,1,generated_fake
,URGENT SHARE NOW: CONFIRMED!!! INEC SUSPENDS ALL BANKS IN SHOCKING DEVELOPMENT. FORWARD IMMEDIATELY TO ALL WHATSAPP GROUPS!,,synthetic,,1,generated_fake
,BREAKING NEWS: SHOCKING!!! PDP dies suddenly in shocking development. SHARE TO ALL GROUPS! DON'T IGNORE THIS!,,synthetic,,1,generated_fake
,URGENT SHARE NOW: CONFIRMED!!! PDP FLEES COUNTRY CONFIDENTIAL SOURCES CONFIRM. FORWARD IMMEDIATELY TO ALL WHATSAPP GROUPS!,,synthetic,,1,generated_fake
,BREAKING NEWS: SHOCKING!!! INEC ANNOUNCES NEW TAX CONFIDENTIAL SOURCES CONFIRM. SHARE TO ALL GROUPS! DON'T IGNORE THIS!,,synthetic,,1,generated_fake
,URGENT SHARE NOW: CONFIRMED!!! INEC arrested after emergency meeting. Forward immediately to all WhatsApp groups!,,synthetic,,1,generated_fake
,URGENT SHARE NOW: CONFIRMED!!! INEC BANS WHATSAPP CONFIDENTIAL SOURCES CONFIRM. FORWARD IMMEDIATELY TO ALL WHATSAPP GROUPS!,,synthetic,,1,generated_fake
,URGENT SHARE NOW: CONFIRMED!!! CBN flees country confidential sources confirm. Forward immediately to all WhatsApp groups!,,synthetic,,1,generated_fake
,URGENT SHARE NOW: CONFIRMED!!! INEC flees country in shocking development. Forward immediately to all WhatsApp groups!,,synthetic,,1,generated_fake
,URGENT SHARE NOW: CONFIRMED!!! DANGOTE SENTENCED TO PRISON BREAKING OVERNIGHT. FORWARD IMMEDIATELY TO ALL WHATSAPP GROUPS!,,synthetic,,1,generated_fake
,BREAKING NEWS: SHOCKING!!! BISHOP OYEDEPO FLEES COUNTRY EFFECTIVE IMMEDIATELY. SHARE TO ALL GROUPS! DON'T IGNORE THIS!,,synthetic,,1,generated_fake
,BREAKING NEWS: SHOCKING!!! President Tinubu flees country confidential sources confirm. SHARE TO ALL GROUPS! DON'T IGNORE THIS!,,synthetic,,1,generated_fake
,URGENT SHARE NOW: CONFIRMED!!! CBN fired in shocking development. Forward immediately to all WhatsApp groups!,,synthetic,,1,generated_fake
,BREAKING NEWS: SHOCKING!!! EFCC FIRED CONFIDENTIAL SOURCES CONFIRM. SHARE TO ALL GROUPS! DON'T IGNORE THIS!,,synthetic,,1,generated_fake
,CONFIRMED!!! Bishop Oyedepo suspends all banks confidential sources confirm. This is a MUST READ! Share now!,,synthetic,,1,generated_fake
,URGENT SHARE NOW: CONFIRMED!!! GOVERNOR SANWO-OLU FIRED BREAKING OVERNIGHT. FORWARD IMMEDIATELY TO ALL WHATSAPP GROUPS!,,synthetic,,1,generated_fake
,BREAKING NEWS: SHOCKING!!! INEC suspends all banks confidential sources confirm. SHARE TO ALL GROUPS! DON'T IGNORE THIS!,,synthetic,,1,generated_fake
,URGENT SHARE NOW: CONFIRMED!!! BISHOP OYEDEPO ANNOUNCES NEW TAX BREAKING OVERNIGHT. FORWARD IMMEDIATELY TO ALL WHATSAPP GROUPS!,,synthetic,,1,generated_fake
,URGENT SHARE NOW: CONFIRMED!!! PDP FLEES COUNTRY EFFECTIVE IMMEDIATELY. FORWARD IMMEDIATELY TO ALL WHATSAPP GROUPS!,,synthetic,,1,generated_fake
,BREAKING NEWS: SHOCKING!!! Bishop Oyedepo sentenced to prison after emergency meeting. SHARE TO ALL GROUPS! DON'T IGNORE THIS!,,synthetic,,1,generated_fake
,BREAKING NEWS: SHOCKING!!! PASTOR ADEBOYE BANS WHATSAPP BREAKING OVERNIGHT. SHARE TO ALL GROUPS! DON'T IGNORE THIS!,,synthetic,,1,generated_fake
,URGENT SHARE NOW: CONFIRMED!!! Bishop Oyedepo suspends all banks effective immediately. Forward immediately to all WhatsApp groups!,,synthetic,,1,generated_fake
,URGENT SHARE NOW: CONFIRMED!!! INEC dies suddenly effective immediately. Forward immediately to all WhatsApp groups!,,synthetic,,1,generated_fake
,URGENT SHARE NOW: CONFIRMED!!! CBN DIES SUDDENLY IN SHOCKING DEVELOPMENT. FORWARD IMMEDIATELY TO ALL WHATSAPP GROUPS!,,synthetic,,1,generated_fake
,URGENT SHARE NOW: CONFIRMED!!! PDP bans WhatsApp breaking overnight. Forward immediately to all WhatsApp groups!,,synthetic,,1,generated_fake
,BREAKING NEWS: SHOCKING!!! DANGOTE DIES SUDDENLY AFTER EMERGENCY MEETING. SHARE TO ALL GROUPS! DON'T IGNORE THIS!,,synthetic,,1,generated_fake
,URGENT SHARE NOW: CONFIRMED!!! INEC bans WhatsApp effective immediately. Forward immediately to all WhatsApp groups!,,synthetic,,1,generated_fake
,URGENT SHARE NOW: CONFIRMED!!! PDP DIES SUDDENLY BREAKING OVERNIGHT. FORWARD IMMEDIATELY TO ALL WHATSAPP GROUPS!,,synthetic,,1,generated_fake
,URGENT SHARE NOW: CONFIRMED!!! EFCC announces new tax leaked documents reveal. Forward immediately to all WhatsApp groups!,,synthetic,,1,generated_fake
,URGENT SHARE NOW: CONFIRMED!!! EFCC RESIGNS AFTER EMERGENCY MEETING. FORWARD IMMEDIATELY TO ALL WHATSAPP GROUPS!,,synthetic,,1,generated_fake
,BREAKING NEWS: SHOCKING!!! Governor Sanwo-Olu fired in shocking development. SHARE TO ALL GROUPS! DON'T IGNORE THIS!,,synthetic,,1,generated_fake
,BREAKING NEWS: SHOCKING!!! BISHOP OYEDEPO SUSPENDS ALL BANKS IN SHOCKING DEVELOPMENT. SHARE TO ALL GROUPS! DON'T IGNORE THIS!,,synthetic,,1,generated_fake
,URGENT SHARE NOW: CONFIRMED!!! BISHOP OYEDEPO DIES SUDDENLY CONFIDENTIAL SOURCES CONFIRM. FORWARD IMMEDIATELY TO ALL WHATSAPP GROUPS!,,synthetic,,1,generated_fake
,BREAKING NEWS: SHOCKING!!! INEC bans WhatsApp after emergency meeting. SHARE TO ALL GROUPS! DON'T IGNORE THIS!,,synthetic,,1,generated_fake
,BREAKING NEWS: SHOCKING!!! APC dies suddenly effective immediately. SHARE TO ALL GROUPS! DON'T IGNORE THIS!,,synthetic,,1,generated_fake
,BREAKING NEWS: SHOCKING!!! GOVERNOR SANWO-OLU ARRESTED LEAKED DOCUMENTS REVEAL. SHARE TO ALL GROUPS! DON'T IGNORE THIS!,,synthetic,,1,generated_fake
,URGENT SHARE NOW: CONFIRMED!!! INEC sentenced to prison effective immediately. Forward immediately to all WhatsApp groups!,,synthetic,,1,generated_fake
,CONFIRMED!!! GOVERNOR SANWO-OLU ANNOUNCES NEW TAX CONFIDENTIAL SOURCES CONFIRM. THIS IS A MUST READ! SHARE NOW!,,synthetic,,1,generated_fake
,URGENT SHARE NOW: CONFIRMED!!! EFCC RESIGNS IN SHOCKING DEVELOPMENT. FORWARD IMMEDIATELY TO ALL WHATSAPP GROUPS!,,synthetic,,1,generated_fake
,URGENT SHARE NOW: CONFIRMED!!! DANGOTE RESIGNS AFTER EMERGENCY MEETING. FORWARD IMMEDIATELY TO ALL WHATSAPP GROUPS!,,synthetic,,1,generated_fake
,CONFIRMED!!! Dangote suspends all banks confidential sources confirm. This is a MUST READ! Share now!,,synthetic,,1,generated_fake
,BREAKING NEWS: SHOCKING!!! Dangote bans WhatsApp effective immediately. SHARE TO ALL GROUPS! DON'T IGNORE THIS!,,synthetic,,1,generated_fake
,BREAKING NEWS: SHOCKING!!! PASTOR ADEBOYE DIES SUDDENLY CONFIDENTIAL SOURCES CONFIRM. SHARE TO ALL GROUPS! DON'T IGNORE THIS!,,synthetic,,1,generated_fake
,URGENT SHARE NOW: CONFIRMED!!! PDP announces new tax in shocking development. Forward immediately to all WhatsApp groups!,,synthetic,,1,generated_fake
,URGENT SHARE NOW: CONFIRMED!!! CBN SUSPENDS ALL BANKS EFFECTIVE IMMEDIATELY. FORWARD IMMEDIATELY TO ALL WHATSAPP GROUPS!,,synthetic,,1,generated_fake
,URGENT SHARE NOW: CONFIRMED!!! EFCC SENTENCED TO PRISON AFTER EMERGENCY MEETING. FORWARD IMMEDIATELY TO ALL WHATSAPP GROUPS!,,synthetic,,1,generated_fake
,BREAKING NEWS: SHOCKING!!! Pastor Adeboye flees country breaking overnight. SHARE TO ALL GROUPS! DON'T IGNORE THIS!,,synthetic,,1,generated_fake
,URGENT SHARE NOW: CONFIRMED!!! PRESIDENT TINUBU SENTENCED TO PRISON IN SHOCKING DEVELOPMENT. FORWARD IMMEDIATELY TO ALL WHATSAPP GROUPS!,,synthetic,,1,generated_fake
,BREAKING NEWS: SHOCKING!!! DANGOTE FLEES COUNTRY LEAKED DOCUMENTS REVEAL. SHARE TO ALL GROUPS! DON'T IGNORE THIS!,,synthetic,,1,generated_fake
,URGENT SHARE NOW: CONFIRMED!!! INEC sentenced to prison after emergency meeting. Forward immediately to all WhatsApp groups!,,synthetic,,1,generated_fake
,BREAKING NEWS: SHOCKING!!! PDP flees country leaked documents reveal. SHARE TO ALL GROUPS! DON'T IGNORE THIS!,,synthetic,,1,generated_fake
,BREAKING NEWS: SHOCKING!!! GOVERNOR SANWO-OLU DIES SUDDENLY LEAKED DOCUMENTS REVEAL. SHARE TO ALL GROUPS! DON'T IGNORE THIS!,,synthetic,,1,generated_fake
,BREAKING NEWS: SHOCKING!!! CBN bans WhatsApp in shocking development. SHARE TO ALL GROUPS! DON'T IGNORE THIS!,,synthetic,,1,generated_fake
,BREAKING NEWS: SHOCKING!!! DANGOTE SUSPENDS ALL BANKS LEAKED DOCUMENTS REVEAL. SHARE TO ALL GROUPS! DON'T IGNORE THIS!,,synthetic,,1,generated_fake
,BREAKING NEWS: SHOCKING!!! GOVERNOR SANWO-OLU BANS WHATSAPP EFFECTIVE IMMEDIATELY. SHARE TO ALL GROUPS! DON'T IGNORE THIS!,,synthetic,,1,generated_fake
,CONFIRMED!!! BISHOP OYEDEPO FLEES COUNTRY CONFIDENTIAL SOURCES CONFIRM. THIS IS A MUST READ! SHARE NOW!,,synthetic,,1,generated_fake
,URGENT SHARE NOW: CONFIRMED!!! APC DIES SUDDENLY EFFECTIVE IMMEDIATELY. FORWARD IMMEDIATELY TO ALL WHATSAPP GROUPS!,,synthetic,,1,generated_fake
,URGENT SHARE NOW: CONFIRMED!!! GOVERNOR SANWO-OLU BANS WHATSAPP LEAKED DOCUMENTS REVEAL. FORWARD IMMEDIATELY TO ALL WHATSAPP GROUPS!,,synthetic,,1,generated_fake
,CONFIRMED!!! BISHOP OYEDEPO SUSPENDS ALL BANKS LEAKED DOCUMENTS REVEAL. THIS IS A MUST READ! SHARE NOW!,,synthetic,,1,generated_fake
,URGENT SHARE NOW: CONFIRMED!!! APC suspends all banks effective immediately. Forward immediately to all WhatsApp groups!,,synthetic,,1,generated_fake
,CONFIRMED!!! President Tinubu sentenced to prison leaked documents reveal. This is a MUST READ! Share now!,,synthetic,,1,generated_fake
,URGENT SHARE NOW: CONFIRMED!!! Governor Sanwo-Olu sentenced to prison breaking overnight. Forward immediately to all WhatsApp groups!,,synthetic,,1,generated_fake
,BREAKING NEWS: SHOCKING!!! Governor Sanwo-Olu flees country leaked documents reveal. SHARE TO ALL GROUPS! DON'T IGNORE THIS!,,synthetic,,1,generated_fake
,BREAKING NEWS: SHOCKING!!! Bishop Oyedepo announces new tax effective immediately. SHARE TO ALL GROUPS! DON'T IGNORE THIS!,,synthetic,,1,generated_fake
,BREAKING NEWS: SHOCKING!!! PASTOR ADEBOYE SENTENCED TO PRISON EFFECTIVE IMMEDIATELY. SHARE TO ALL GROUPS! DON'T IGNORE THIS!,,synthetic,,1,generated_fake
,URGENT SHARE NOW: CONFIRMED!!! Governor Sanwo-Olu resigns leaked documents reveal. Forward immediately to all WhatsApp groups!,,synthetic,,1,generated_fake
,URGENT SHARE NOW: CONFIRMED!!! PDP ANNOUNCES NEW TAX CONFIDENTIAL SOURCES CONFIRM. FORWARD IMMEDIATELY TO ALL WHATSAPP GROUPS!,,synthetic,,1,generated_fake
,URGENT SHARE NOW: CONFIRMED!!! DANGOTE SUSPENDS ALL BANKS BREAKING OVERNIGHT. FORWARD IMMEDIATELY TO ALL WHATSAPP GROUPS!,,synthetic,,1,generated_fake
,BREAKING NEWS: SHOCKING!!! Dangote bans WhatsApp after emergency meeting. SHARE TO ALL GROUPS! DON'T IGNORE THIS!,,synthetic,,1,generated_fake
,URGENT SHARE NOW: CONFIRMED!!! EFCC DIES SUDDENLY CONFIDENTIAL SOURCES CONFIRM. FORWARD IMMEDIATELY TO ALL WHATSAPP GROUPS!,,synthetic,,1,generated_fake
,URGENT SHARE NOW: CONFIRMED!!! PDP bans WhatsApp after emergency meeting. Forward immediately to all WhatsApp groups!,,synthetic,,1,generated_fake
,BREAKING NEWS: SHOCKING!!! President Tinubu sentenced to prison breaking overnight. SHARE TO ALL GROUPS! DON'T IGNORE THIS!,,synthetic,,1,generated_fake
,URGENT SHARE NOW: CONFIRMED!!! GOVERNOR SANWO-OLU ARRESTED LEAKED DOCUMENTS REVEAL. FORWARD IMMEDIATELY TO ALL WHATSAPP GROUPS!,,synthetic,,1,generated_fake
,URGENT SHARE NOW: CONFIRMED!!! Bishop Oyedepo dies suddenly in shocking development. Forward immediately to all WhatsApp groups!,,synthetic,,1,generated_fake
,BREAKING NEWS: SHOCKING!!! Governor Sanwo-Olu suspends all banks leaked documents reveal. SHARE TO ALL GROUPS! DON'T IGNORE THIS!,,synthetic,,1,generated_fake
,URGENT SHARE NOW: CONFIRMED!!! APC ARRESTED LEAKED DOCUMENTS REVEAL. FORWARD IMMEDIATELY TO ALL WHATSAPP GROUPS!,,synthetic,,1,generated_fake
,BREAKING NEWS: SHOCKING!!! President Tinubu fired effective immediately. SHARE TO ALL GROUPS! DON'T IGNORE THIS!,,synthetic,,1,generated_fake
,URGENT SHARE NOW: CONFIRMED!!! President Tinubu sentenced to prison in shocking development. Forward immediately to all WhatsApp groups!,,synthetic,,1,generated_fake
,BREAKING NEWS: SHOCKING!!! Pastor Adeboye resigns after emergency meeting. SHARE TO ALL GROUPS! DON'T IGNORE THIS!,,synthetic,,1,generated_fake
,BREAKING NEWS: SHOCKING!!! Governor Sanwo-Olu bans WhatsApp breaking overnight. SHARE TO ALL GROUPS! DON'T IGNORE THIS!,,synthetic,,1,generated_fake
,BREAKING NEWS: SHOCKING!!! Pastor Adeboye sentenced to prison confidential sources confirm. SHARE TO ALL GROUPS! DON'T IGNORE THIS!,,synthetic,,1,generated_fake
,BREAKING NEWS: SHOCKING!!! CBN SUSPENDS ALL BANKS IN SHOCKING DEVELOPMENT. SHARE TO ALL GROUPS! DON'T IGNORE THIS!,,synthetic,,1,generated_fake
,BREAKING NEWS: SHOCKING!!! Dangote dies suddenly after emergency meeting. SHARE TO ALL GROUPS! DON'T IGNORE THIS!,,synthetic,,1,generated_fake
,URGENT SHARE NOW: CONFIRMED!!! EFCC arrested in shocking development. Forward immediately to all WhatsApp groups!,,synthetic,,1,generated_fake
,YOU WON'T BELIEVE: President Tinubu sentenced to prison confidential sources confirm. READ AND SHARE!!!,,synthetic,,1,generated_fake
,BREAKING NEWS: SHOCKING!!! EFCC fired in shocking development. SHARE TO ALL GROUPS! DON'T IGNORE THIS!,,synthetic,,1,generated_fake
,BREAKING NEWS: SHOCKING!!! DANGOTE BANS WHATSAPP CONFIDENTIAL SOURCES CONFIRM. SHARE TO ALL GROUPS! DON'T IGNORE THIS!,,synthetic,,1,generated_fake
,BREAKING NEWS: SHOCKING!!! PASTOR ADEBOYE BANS WHATSAPP IN SHOCKING DEVELOPMENT. SHARE TO ALL GROUPS! DON'T IGNORE THIS!,,synthetic,,1,generated_fake
,BREAKING NEWS: SHOCKING!!! EFCC dies suddenly after emergency meeting. SHARE TO ALL GROUPS! DON'T IGNORE THIS!,,synthetic,,1,generated_fake
,URGENT SHARE NOW: CONFIRMED!!! Governor Sanwo-Olu fired after emergency meeting. Forward immediately to all WhatsApp groups!,,synthetic,,1,generated_fake
,URGENT SHARE NOW: CONFIRMED!!! PASTOR ADEBOYE FIRED AFTER EMERGENCY MEETING. FORWARD IMMEDIATELY TO ALL WHATSAPP GROUPS!,,synthetic,,1,generated_fake
,URGENT SHARE NOW: CONFIRMED!!! PRESIDENT TINUBU DIES SUDDENLY IN SHOCKING DEVELOPMENT. FORWARD IMMEDIATELY TO ALL WHATSAPP GROUPS!,,synthetic,,1,generated_fake
,BREAKING NEWS: SHOCKING!!! GOVERNOR SANWO-OLU FIRED BREAKING OVERNIGHT. SHARE TO ALL GROUPS! DON'T IGNORE THIS!,,synthetic,,1,generated_fake
,BREAKING NEWS: SHOCKING!!! Governor Sanwo-Olu announces new tax effective immediately. SHARE TO ALL GROUPS! DON'T IGNORE THIS!,,synthetic,,1,generated_fake
,URGENT SHARE NOW: CONFIRMED!!! APC FLEES COUNTRY EFFECTIVE IMMEDIATELY. FORWARD IMMEDIATELY TO ALL WHATSAPP GROUPS!,,synthetic,,1,generated_fake
,URGENT SHARE NOW: CONFIRMED!!! PDP announces new tax leaked documents reveal. Forward immediately to all WhatsApp groups!,,synthetic,,1,generated_fake
,BREAKING NEWS: SHOCKING!!! PRESIDENT TINUBU FIRED AFTER EMERGENCY MEETING. SHARE TO ALL GROUPS! DON'T IGNORE THIS!,,synthetic,,1,generated_fake
,URGENT SHARE NOW: CONFIRMED!!! PRESIDENT TINUBU ARRESTED IN SHOCKING DEVELOPMENT. FORWARD IMMEDIATELY TO ALL WHATSAPP GROUPS!,,synthetic,,1,generated_fake
,BREAKING NEWS: SHOCKING!!! INEC announces new tax effective immediately. SHARE TO ALL GROUPS! DON'T IGNORE THIS!,,synthetic,,1,generated_fake
,BREAKING NEWS: SHOCKING!!! President Tinubu arrested confidential sources confirm. SHARE TO ALL GROUPS! DON'T IGNORE THIS!,,synthetic,,1,generated_fake
,URGENT SHARE NOW: CONFIRMED!!! GOVERNOR SANWO-OLU BANS WHATSAPP AFTER EMERGENCY MEETING. FORWARD IMMEDIATELY TO ALL WHATSAPP GROUPS!,,synthetic,,1,generated_fake
,URGENT SHARE NOW: CONFIRMED!!! EFCC dies suddenly breaking overnight. Forward immediately to all WhatsApp groups!,,synthetic,,1,generated_fake
,URGENT SHARE NOW: CONFIRMED!!! EFCC fired effective immediately. Forward immediately to all WhatsApp groups!,,synthetic,,1,generated_fake
,URGENT SHARE NOW: CONFIRMED!!! EFCC resigns confidential sources confirm. Forward immediately to all WhatsApp groups!,,synthetic,,1,generated_fake
,BREAKING NEWS: SHOCKING!!! GOVERNOR SANWO-OLU RESIGNS IN SHOCKING DEVELOPMENT. SHARE TO ALL GROUPS! DON'T IGNORE THIS!,,synthetic,,1,generated_fake
,BREAKING NEWS: SHOCKING!!! Pastor Adeboye resigns leaked documents reveal. SHARE TO ALL GROUPS! DON'T IGNORE THIS!,,synthetic,,1,generated_fake
,URGENT SHARE NOW: CONFIRMED!!! Dangote sentenced to prison breaking overnight. Forward immediately to all WhatsApp groups!,,synthetic,,1,generated_fake
,CONFIRMED!!! Governor Sanwo-Olu announces new tax effective immediately. This is a MUST READ! Share now!,,synthetic,,1,generated_fake
,URGENT SHARE NOW: CONFIRMED!!! Pastor Adeboye fired leaked documents reveal. Forward immediately to all WhatsApp groups!,,synthetic,,1,generated_fake
,BREAKING NEWS: SHOCKING!!! DANGOTE SUSPENDS ALL BANKS EFFECTIVE IMMEDIATELY. SHARE TO ALL GROUPS! DON'T IGNORE THIS!,,synthetic,,1,generated_fake
,URGENT SHARE NOW: CONFIRMED!!! DANGOTE SENTENCED TO PRISON AFTER EMERGENCY MEETING. FORWARD IMMEDIATELY TO ALL WHATSAPP GROUPS!,,synthetic,,1,generated_fake
,URGENT SHARE NOW: CONFIRMED!!! President Tinubu fired after emergency meeting. Forward immediately to all WhatsApp groups!,,synthetic,,1,generated_fake
,BREAKING NEWS: SHOCKING!!! CBN arrested effective immediately. SHARE TO ALL GROUPS! DON'T IGNORE THIS!,,synthetic,,1,generated_fake
,BREAKING NEWS: SHOCKING!!! Pastor Adeboye dies suddenly after emergency meeting. SHARE TO ALL GROUPS! DON'T IGNORE THIS!,,synthetic,,1,generated_fake
,BREAKING NEWS: SHOCKING!!! APC fired confidential sources confirm. SHARE TO ALL GROUPS! DON'T IGNORE THIS!,,synthetic,,1,generated_fake
,BREAKING NEWS: SHOCKING!!! GOVERNOR SANWO-OLU SENTENCED TO PRISON BREAKING OVERNIGHT. SHARE TO ALL GROUPS! DON'T IGNORE THIS!,,synthetic,,1,generated_fake
,URGENT SHARE NOW: CONFIRMED!!! PDP SENTENCED TO PRISON IN SHOCKING DEVELOPMENT. FORWARD IMMEDIATELY TO ALL WHATSAPP GROUPS!,,synthetic,,1,generated_fake
,CONFIRMED!!! PASTOR ADEBOYE ANNOUNCES NEW TAX CONFIDENTIAL SOURCES CONFIRM. THIS IS A MUST READ! SHARE NOW!,,synthetic,,1,generated_fake
,URGENT SHARE NOW: CONFIRMED!!! GOVERNOR SANWO-OLU FIRED AFTER EMERGENCY MEETING. FORWARD IMMEDIATELY TO ALL WHATSAPP GROUPS!,,synthetic,,1,generated_fake
,BREAKING NEWS: SHOCKING!!! Governor Sanwo-Olu dies suddenly in shocking development. SHARE TO ALL GROUPS! DON'T IGNORE THIS!,,synthetic,,1,generated_fake
,URGENT SHARE NOW: CONFIRMED!!! Pastor Adeboye sentenced to prison confidential sources confirm. Forward immediately to all WhatsApp groups!,,synthetic,,1,generated_fake
,URGENT SHARE NOW: CONFIRMED!!! PDP resigns after emergency meeting. Forward immediately to all WhatsApp groups!,,synthetic,,1,generated_fake
,URGENT SHARE NOW: CONFIRMED!!! PDP SUSPENDS ALL BANKS LEAKED DOCUMENTS REVEAL. FORWARD IMMEDIATELY TO ALL WHATSAPP GROUPS!,,synthetic,,1,generated_fake
,URGENT SHARE NOW: CONFIRMED!!! CBN SENTENCED TO PRISON LEAKED DOCUMENTS REVEAL. FORWARD IMMEDIATELY TO ALL WHATSAPP GROUPS!,,synthetic,,1,generated_fake
,URGENT SHARE NOW: CONFIRMED!!! INEC bans WhatsApp confidential sources confirm. Forward immediately to all WhatsApp groups!,,synthetic,,1,generated_fake
,BREAKING NEWS: SHOCKING!!! PRESIDENT TINUBU FIRED EFFECTIVE IMMEDIATELY. SHARE TO ALL GROUPS! DON'T IGNORE THIS!,,synthetic,,1,generated_fake
,BREAKING NEWS: SHOCKING!!! EFCC bans WhatsApp breaking overnight. SHARE TO ALL GROUPS! DON'T IGNORE THIS!,,synthetic,,1,generated_fake
,URGENT SHARE NOW: CONFIRMED!!! DANGOTE SUSPENDS ALL BANKS IN SHOCKING DEVELOPMENT. FORWARD IMMEDIATELY TO ALL WHATSAPP GROUPS!,,synthetic,,1,generated_fake
,BREAKING NEWS: SHOCKING!!! President Tinubu suspends all banks in shocking development. SHARE TO ALL GROUPS! DON'T IGNORE THIS!,,synthetic,,1,generated_fake
,BREAKING NEWS: SHOCKING!!! EFCC dies suddenly leaked documents reveal. SHARE TO ALL GROUPS! DON'T IGNORE THIS!,,synthetic,,1,generated_fake
,BREAKING NEWS: SHOCKING!!! Pastor Adeboye sentenced to prison in shocking development. SHARE TO ALL GROUPS! DON'T IGNORE THIS!,,synthetic,,1,generated_fake
,BREAKING NEWS: SHOCKING!!! APC dies suddenly after emergency meeting. SHARE TO ALL GROUPS! DON'T IGNORE THIS!,,synthetic,,1,generated_fake
,BREAKING NEWS: SHOCKING!!! EFCC fired leaked documents reveal. SHARE TO ALL GROUPS! DON'T IGNORE THIS!,,synthetic,,1,generated_fake
,URGENT SHARE NOW: CONFIRMED!!! CBN arrested in shocking development. Forward immediately to all WhatsApp groups!,,synthetic,,1,generated_fake
,URGENT SHARE NOW: CONFIRMED!!! CBN bans WhatsApp after emergency meeting. Forward immediately to all WhatsApp groups!,,synthetic,,1,generated_fake
,BREAKING NEWS: SHOCKING!!! Bishop Oyedepo suspends all banks leaked documents reveal. SHARE TO ALL GROUPS! DON'T IGNORE THIS!,,synthetic,,1,generated_fake
,URGENT SHARE NOW: CONFIRMED!!! INEC FIRED BREAKING OVERNIGHT. FORWARD IMMEDIATELY TO ALL WHATSAPP GROUPS!,,synthetic,,1,generated_fake
,BREAKING NEWS: SHOCKING!!! APC RESIGNS IN SHOCKING DEVELOPMENT. SHARE TO ALL GROUPS! DON'T IGNORE THIS!,,synthetic,,1,generated_fake
,URGENT SHARE NOW: CONFIRMED!!! President Tinubu flees country leaked documents reveal. Forward immediately to all WhatsApp groups!,,synthetic,,1,generated_fake
,URGENT SHARE NOW: CONFIRMED!!! EFCC ANNOUNCES NEW TAX LEAKED DOCUMENTS REVEAL. FORWARD IMMEDIATELY TO ALL WHATSAPP GROUPS!,,synthetic,,1,generated_fake
,BREAKING NEWS: SHOCKING!!! CBN ANNOUNCES NEW TAX BREAKING OVERNIGHT. SHARE TO ALL GROUPS! DON'T IGNORE THIS!,,synthetic,,1,generated_fake
,BREAKING NEWS: SHOCKING!!! INEC FLEES COUNTRY AFTER EMERGENCY MEETING. SHARE TO ALL GROUPS! DON'T IGNORE THIS!,,synthetic,,1,generated_fake
,BREAKING NEWS: SHOCKING!!! INEC SUSPENDS ALL BANKS BREAKING OVERNIGHT. SHARE TO ALL GROUPS! DON'T IGNORE THIS!,,synthetic,,1,generated_fake
,URGENT SHARE NOW: CONFIRMED!!! BISHOP OYEDEPO FIRED LEAKED DOCUMENTS REVEAL. FORWARD IMMEDIATELY TO ALL WHATSAPP GROUPS!,,synthetic,,1,generated_fake
,URGENT SHARE NOW: CONFIRMED!!! President Tinubu dies suddenly effective immediately. Forward immediately to all WhatsApp groups!,,synthetic,,1,generated_fake
,BREAKING NEWS: SHOCKING!!! CBN RESIGNS LEAKED DOCUMENTS REVEAL. SHARE TO ALL GROUPS! DON'T IGNORE THIS!,,synthetic,,1,generated_fake
,BREAKING NEWS: SHOCKING!!! PDP ARRESTED LEAKED DOCUMENTS REVEAL. SHARE TO ALL GROUPS! DON'T IGNORE THIS!,,synthetic,,1,generated_fake
,YOU WON'T BELIEVE: Governor Sanwo-Olu announces new tax confidential sources confirm. READ AND SHARE!!!,,synthetic,,1,generated_fake
,BREAKING NEWS: SHOCKING!!! Bishop Oyedepo resigns after emergency meeting. SHARE TO ALL GROUPS! DON'T IGNORE THIS!,,synthetic,,1,generated_fake
,URGENT SHARE NOW: CONFIRMED!!! Dangote resigns leaked documents reveal. Forward immediately to all WhatsApp groups!,,synthetic,,1,generated_fake
,BREAKING NEWS: SHOCKING!!! PRESIDENT TINUBU RESIGNS AFTER EMERGENCY MEETING. SHARE TO ALL GROUPS! DON'T IGNORE THIS!,,synthetic,,1,generated_fake
,BREAKING NEWS: SHOCKING!!! EFCC FLEES COUNTRY EFFECTIVE IMMEDIATELY. SHARE TO ALL GROUPS! DON'T IGNORE THIS!,,synthetic,,1,generated_fake
,BREAKING NEWS: SHOCKING!!! APC SUSPENDS ALL BANKS EFFECTIVE IMMEDIATELY. SHARE TO ALL GROUPS! DON'T IGNORE THIS!,,synthetic,,1,generated_fake
,CONFIRMED!!! PRESIDENT TINUBU ANNOUNCES NEW TAX IN SHOCKING DEVELOPMENT. THIS IS A MUST READ! SHARE NOW!,,synthetic,,1,generated_fake
,URGENT SHARE NOW: CONFIRMED!!! INEC SENTENCED TO PRISON LEAKED DOCUMENTS REVEAL. FORWARD IMMEDIATELY TO ALL WHATSAPP GROUPS!,,synthetic,,1,generated_fake
,CONFIRMED!!! GOVERNOR SANWO-OLU ANNOUNCES NEW TAX IN SHOCKING DEVELOPMENT. THIS IS A MUST READ! SHARE NOW!,,synthetic,,1,generated_fake
,BREAKING NEWS: SHOCKING!!! Governor Sanwo-Olu resigns effective immediately. SHARE TO ALL GROUPS! DON'T IGNORE THIS!,,synthetic,,1,generated_fake
,BREAKING NEWS: SHOCKING!!! Bishop Oyedepo resigns confidential sources confirm. SHARE TO ALL GROUPS! DON'T IGNORE THIS!,,synthetic,,1,generated_fake
,URGENT SHARE NOW: CONFIRMED!!! EFCC BANS WHATSAPP LEAKED DOCUMENTS REVEAL. FORWARD IMMEDIATELY TO ALL WHATSAPP GROUPS!,,synthetic,,1,generated_fake
,BREAKING NEWS: SHOCKING!!! CBN FLEES COUNTRY EFFECTIVE IMMEDIATELY. SHARE TO ALL GROUPS! DON'T IGNORE THIS!,,synthetic,,1,generated_fake
,URGENT SHARE NOW: CONFIRMED!!! PRESIDENT TINUBU SUSPENDS ALL BANKS AFTER EMERGENCY MEETING. FORWARD IMMEDIATELY TO ALL WHATSAPP GROUPS!,,synthetic,,1,generated_fake
,CONFIRMED!!! President Tinubu announces new tax after emergency meeting. This is a MUST READ! Share now!,,synthetic,,1,generated_fake
,BREAKING NEWS: SHOCKING!!! PDP dies suddenly effective immediately. SHARE TO ALL GROUPS! DON'T IGNORE THIS!,,synthetic,,1,generated_fake
,URGENT SHARE NOW: CONFIRMED!!! Bishop Oyedepo fired breaking overnight. Forward immediately to all WhatsApp groups!,,synthetic,,1,generated_fake
,YOU WON'T BELIEVE: PASTOR ADEBOYE SENTENCED TO PRISON CONFIDENTIAL SOURCES CONFIRM. READ AND SHARE!!!,,synthetic,,1,generated_fake
,BREAKING NEWS: SHOCKING!!! CBN dies suddenly in shocking development. SHARE TO ALL GROUPS! DON'T IGNORE THIS!,,synthetic,,1,generated_fake
,BREAKING NEWS: SHOCKING!!! PRESIDENT TINUBU ANNOUNCES NEW TAX IN SHOCKING DEVELOPMENT. SHARE TO ALL GROUPS! DON'T IGNORE THIS!,,synthetic,,1,generated_fake
,URGENT SHARE NOW: CONFIRMED!!! CBN resigns leaked documents reveal. Forward immediately to all WhatsApp groups!,,synthetic,,1,generated_fake
,URGENT SHARE NOW: CONFIRMED!!! PRESIDENT TINUBU SENTENCED TO PRISON LEAKED DOCUMENTS REVEAL. FORWARD IMMEDIATELY TO ALL WHATSAPP GROUPS!,,synthetic,,1,generated_fake
,BREAKING NEWS: SHOCKING!!! EFCC SENTENCED TO PRISON BREAKING OVERNIGHT. SHARE TO ALL GROUPS! DON'T IGNORE THIS!,,synthetic,,1,generated_fake
,CONFIRMED!!! GOVERNOR SANWO-OLU SENTENCED TO PRISON AFTER EMERGENCY MEETING. THIS IS A MUST READ! SHARE NOW!,,synthetic,,1,generated_fake
,URGENT SHARE NOW: CONFIRMED!!! APC RESIGNS LEAKED DOCUMENTS REVEAL. FORWARD IMMEDIATELY TO ALL WHATSAPP GROUPS!,,synthetic,,1,generated_fake
,CONFIRMED!!! DANGOTE SUSPENDS ALL BANKS CONFIDENTIAL SOURCES CONFIRM. THIS IS A MUST READ! SHARE NOW!,,synthetic,,1,generated_fake
,URGENT SHARE NOW: CONFIRMED!!! Pastor Adeboye bans WhatsApp leaked documents reveal. Forward immediately to all WhatsApp groups!,,synthetic,,1,generated_fake
,URGENT SHARE NOW: CONFIRMED!!! Bishop Oyedepo dies suddenly breaking overnight. Forward immediately to all WhatsApp groups!,,synthetic,,1,generated_fake
,BREAKING NEWS: SHOCKING!!! Dangote announces new tax breaking overnight. SHARE TO ALL GROUPS! DON'T IGNORE THIS!,,synthetic,,1,generated_fake
,URGENT SHARE NOW: CONFIRMED!!! INEC arrested effective immediately. Forward immediately to all WhatsApp groups!,,synthetic,,1,generated_fake
,URGENT SHARE NOW: CONFIRMED!!! Dangote flees country breaking overnight. Forward immediately to all WhatsApp groups!,,synthetic,,1,generated_fake
,BREAKING NEWS: SHOCKING!!! BISHOP OYEDEPO FIRED BREAKING OVERNIGHT. SHARE TO ALL GROUPS! DON'T IGNORE THIS!,,synthetic,,1,generated_fake
,BREAKING NEWS: SHOCKING!!! EFCC ARRESTED AFTER EMERGENCY MEETING. SHARE TO ALL GROUPS! DON'T IGNORE THIS!,,synthetic,,1,generated_fake
,URGENT SHARE NOW: CONFIRMED!!! BISHOP OYEDEPO BANS WHATSAPP IN SHOCKING DEVELOPMENT. FORWARD IMMEDIATELY TO ALL WHATSAPP GROUPS!,,synthetic,,1,generated_fake
,URGENT SHARE NOW: CONFIRMED!!! President Tinubu dies suddenly confidential sources confirm. Forward immediately to all WhatsApp groups!,,synthetic,,1,generated_fake
,BREAKING NEWS: SHOCKING!!! Dangote announces new tax confidential sources confirm. SHARE TO ALL GROUPS! DON'T IGNORE THIS!,,synthetic,,1,generated_fake
,URGENT SHARE NOW: CONFIRMED!!! APC resigns breaking overnight. Forward immediately to all WhatsApp groups!,,synthetic,,1,generated_fake
,URGENT SHARE NOW: CONFIRMED!!! DANGOTE ANNOUNCES NEW TAX CONFIDENTIAL SOURCES CONFIRM. FORWARD IMMEDIATELY TO ALL WHATSAPP GROUPS!,,synthetic,,1,generated_fake
,URGENT SHARE NOW: CONFIRMED!!! GOVERNOR SANWO-OLU BANS WHATSAPP BREAKING OVERNIGHT. FORWARD IMMEDIATELY TO ALL WHATSAPP GROUPS!,,synthetic,,1,generated_fake
,URGENT SHARE NOW: CONFIRMED!!! Governor Sanwo-Olu arrested leaked documents reveal. Forward immediately to all WhatsApp groups!,,synthetic,,1,generated_fake
,CONFIRMED!!! PASTOR ADEBOYE BANS WHATSAPP CONFIDENTIAL SOURCES CONFIRM. THIS IS A MUST READ! SHARE NOW!,,synthetic,,1,generated_fake
,BREAKING NEWS: SHOCKING!!! PASTOR ADEBOYE DIES SUDDENLY BREAKING OVERNIGHT. SHARE TO ALL GROUPS! DON'T IGNORE THIS!,,synthetic,,1,generated_fake
,URGENT SHARE NOW: CONFIRMED!!! Pastor Adeboye dies suddenly after emergency meeting. Forward immediately to all WhatsApp groups!,,synthetic,,1,generated_fake
,BREAKING NEWS: SHOCKING!!! PRESIDENT TINUBU SENTENCED TO PRISON IN SHOCKING DEVELOPMENT. SHARE TO ALL GROUPS! DON'T IGNORE THIS!,,synthetic,,1,generated_fake
,CONFIRMED!!! Bishop Oyedepo flees country confidential sources confirm. This is a MUST READ! Share now!,,synthetic,,1,generated_fake
,URGENT SHARE NOW: CONFIRMED!!! Bishop Oyedepo bans WhatsApp breaking overnight. Forward immediately to all WhatsApp groups!,,synthetic,,1,generated_fake
,BREAKING NEWS: SHOCKING!!! BISHOP OYEDEPO FIRED CONFIDENTIAL SOURCES CONFIRM. SHARE TO ALL GROUPS! DON'T IGNORE THIS!,,synthetic,,1,generated_fake
,BREAKING NEWS: SHOCKING!!! INEC suspends all banks leaked documents reveal. SHARE TO ALL GROUPS! DON'T IGNORE THIS!,,synthetic,,1,generated_fake
,URGENT SHARE NOW: CONFIRMED!!! EFCC fired in shocking development. Forward immediately to all WhatsApp groups!,,synthetic,,1,generated_fake
,URGENT SHARE NOW: CONFIRMED!!! EFCC ANNOUNCES NEW TAX EFFECTIVE IMMEDIATELY. FORWARD IMMEDIATELY TO ALL WHATSAPP GROUPS!,,synthetic,,1,generated_fake
,URGENT SHARE NOW: CONFIRMED!!! BISHOP OYEDEPO FIRED IN SHOCKING DEVELOPMENT. FORWARD IMMEDIATELY TO ALL WHATSAPP GROUPS!,,synthetic,,1,generated_fake
,URGENT SHARE NOW: CONFIRMED!!! Governor Sanwo-Olu suspends all banks leaked documents reveal. Forward immediately to all WhatsApp groups!,,synthetic,,1,generated_fake
,BREAKING NEWS: SHOCKING!!! EFCC BANS WHATSAPP CONFIDENTIAL SOURCES CONFIRM. SHARE TO ALL GROUPS! DON'T IGNORE THIS!,,synthetic,,1,generated_fake
,URGENT SHARE NOW: CONFIRMED!!! Bishop Oyedepo suspends all banks in shocking development. Forward immediately to all WhatsApp groups!,,synthetic,,1,generated_fake
,URGENT SHARE NOW: CONFIRMED!!! PASTOR ADEBOYE DIES SUDDENLY CONFIDENTIAL SOURCES CONFIRM. FORWARD IMMEDIATELY TO ALL WHATSAPP GROUPS!,,synthetic,,1,generated_fake
,URGENT SHARE NOW: CONFIRMED!!! CBN FLEES COUNTRY CONFIDENTIAL SOURCES CONFIRM. FORWARD IMMEDIATELY TO ALL WHATSAPP GROUPS!,,synthetic,,1,generated_fake
,BREAKING NEWS: SHOCKING!!! GOVERNOR SANWO-OLU DIES SUDDENLY BREAKING OVERNIGHT. SHARE TO ALL GROUPS! DON'T IGNORE THIS!,,synthetic,,1,generated_fake
,BREAKING NEWS: SHOCKING!!! GOVERNOR SANWO-OLU FLEES COUNTRY EFFECTIVE IMMEDIATELY. SHARE TO ALL GROUPS! DON'T IGNORE THIS!,,synthetic,,1,generated_fake
,URGENT SHARE NOW: CONFIRMED!!! CBN suspends all banks confidential sources confirm. Forward immediately to all WhatsApp groups!,,synthetic,,1,generated_fake
,CONFIRMED!!! Pastor Adeboye suspends all banks effective immediately. This is a MUST READ! Share now!,,synthetic,,1,generated_fake
,BREAKING NEWS: SHOCKING!!! EFCC BANS WHATSAPP IN SHOCKING DEVELOPMENT. SHARE TO ALL GROUPS! DON'T IGNORE THIS!,,synthetic,,1,generated_fake
,URGENT SHARE NOW: CONFIRMED!!! CBN announces new tax after emergency meeting. Forward immediately to all WhatsApp groups!,,synthetic,,1,generated_fake
,URGENT SHARE NOW: CONFIRMED!!! GOVERNOR SANWO-OLU RESIGNS BREAKING OVERNIGHT. FORWARD IMMEDIATELY TO ALL WHATSAPP GROUPS!,,synthetic,,1,generated_fake
,BREAKING NEWS: SHOCKING!!! CBN BANS WHATSAPP EFFECTIVE IMMEDIATELY. SHARE TO ALL GROUPS! DON'T IGNORE THIS!,,synthetic,,1,generated_fake
,URGENT SHARE NOW: CONFIRMED!!! Governor Sanwo-Olu announces new tax effective immediately. Forward immediately to all WhatsApp groups!,,synthetic,,1,generated_fake
,URGENT SHARE NOW: CONFIRMED!!! Bishop Oyedepo flees country after emergency meeting. Forward immediately to all WhatsApp groups!,,synthetic,,1,generated_fake
,BREAKING NEWS: SHOCKING!!! APC FLEES COUNTRY CONFIDENTIAL SOURCES CONFIRM. SHARE TO ALL GROUPS! DON'T IGNORE THIS!,,synthetic,,1,generated_fake
,CONFIRMED!!! Bishop Oyedepo suspends all banks effective immediately. This is a MUST READ! Share now!,,synthetic,,1,generated_fake
,BREAKING NEWS: SHOCKING!!! PDP announces new tax effective immediately. SHARE TO ALL GROUPS! DON'T IGNORE THIS!,,synthetic,,1,generated_fake
,URGENT SHARE NOW: CONFIRMED!!! PDP announces new tax effective immediately. Forward immediately to all WhatsApp groups!,,synthetic,,1,generated_fake
,URGENT SHARE NOW: CONFIRMED!!! EFCC SENTENCED TO PRISON LEAKED DOCUMENTS REVEAL. FORWARD IMMEDIATELY TO ALL WHATSAPP GROUPS!,,synthetic,,1,generated_fake
,URGENT SHARE NOW: CONFIRMED!!! Pastor Adeboye flees country breaking overnight. Forward immediately to all WhatsApp groups!,,synthetic,,1,generated_fake
,URGENT SHARE NOW: CONFIRMED!!! INEC BANS WHATSAPP LEAKED DOCUMENTS REVEAL. FORWARD IMMEDIATELY TO ALL WHATSAPP GROUPS!,,synthetic,,1,generated_fake
,BREAKING NEWS: SHOCKING!!! Governor Sanwo-Olu suspends all banks confidential sources confirm. SHARE TO ALL GROUPS! DON'T IGNORE THIS!,,synthetic,,1,generated_fake
,URGENT SHARE NOW: CONFIRMED!!! INEC ARRESTED BREAKING OVERNIGHT. FORWARD IMMEDIATELY TO ALL WHATSAPP GROUPS!,,synthetic,,1,generated_fake
,BREAKING NEWS: SHOCKING!!! Bishop Oyedepo sentenced to prison breaking overnight. SHARE TO ALL GROUPS! DON'T IGNORE THIS!,,synthetic,,1,generated_fake
,URGENT SHARE NOW: CONFIRMED!!! Governor Sanwo-Olu arrested after emergency meeting. Forward immediately to all WhatsApp groups!,,synthetic,,1,generated_fake
,URGENT SHARE NOW: CONFIRMED!!! EFCC FLEES COUNTRY LEAKED DOCUMENTS REVEAL. FORWARD IMMEDIATELY TO ALL WHATSAPP GROUPS!,,synthetic,,1,generated_fake
,URGENT SHARE NOW: CONFIRMED!!! INEC RESIGNS CONFIDENTIAL SOURCES CONFIRM. FORWARD IMMEDIATELY TO ALL WHATSAPP GROUPS!,,synthetic,,1,generated_fake
,BREAKING NEWS: SHOCKING!!! DANGOTE ANNOUNCES NEW TAX LEAKED DOCUMENTS REVEAL. SHARE TO ALL GROUPS! DON'T IGNORE THIS!,,synthetic,,1,generated_fake
,BREAKING NEWS: SHOCKING!!! President Tinubu dies suddenly confidential sources confirm. SHARE TO ALL GROUPS! DON'T IGNORE THIS!,,synthetic,,1,generated_fake
,URGENT SHARE NOW: CONFIRMED!!! INEC suspends all banks in shocking development. Forward immediately to all WhatsApp groups!,,synthetic,,1,generated_fake
,BREAKING NEWS: SHOCKING!!! CBN dies suddenly leaked documents reveal. SHARE TO ALL GROUPS! DON'T IGNORE THIS!,,synthetic,,1,generated_fake
,URGENT SHARE NOW: CONFIRMED!!! President Tinubu arrested leaked documents reveal. Forward immediately to all WhatsApp groups!,,synthetic,,1,generated_fake
,BREAKING NEWS: SHOCKING!!! PDP flees country in shocking development. SHARE TO ALL GROUPS! DON'T IGNORE THIS!,,synthetic,,1,generated_fake
,URGENT SHARE NOW: CONFIRMED!!! CBN flees country after emergency meeting. Forward immediately to all WhatsApp groups!,,synthetic,,1,generated_fake
,URGENT SHARE NOW: CONFIRMED!!! EFCC sentenced to prison confidential sources confirm. Forward immediately to all WhatsApp groups!,,synthetic,,1,generated_fake
,BREAKING NEWS: SHOCKING!!! PDP resigns after emergency meeting. SHARE TO ALL GROUPS! DON'T IGNORE THIS!,,synthetic,,1,generated_fake
,URGENT SHARE NOW: CONFIRMED!!! EFCC RESIGNS CONFIDENTIAL SOURCES CONFIRM. FORWARD IMMEDIATELY TO ALL WHATSAPP GROUPS!,,synthetic,,1,generated_fake
,URGENT SHARE NOW: CONFIRMED!!! Governor Sanwo-Olu announces new tax after emergency meeting. Forward immediately to all WhatsApp groups!,,synthetic,,1,generated_fake
,BREAKING NEWS: SHOCKING!!! APC ARRESTED AFTER EMERGENCY MEETING. SHARE TO ALL GROUPS! DON'T IGNORE THIS!,,synthetic,,1,generated_fake
,URGENT SHARE NOW: CONFIRMED!!! APC bans WhatsApp after emergency meeting. Forward immediately to all WhatsApp groups!,,synthetic,,1,generated_fake
,URGENT SHARE NOW: CONFIRMED!!! PASTOR ADEBOYE BANS WHATSAPP IN SHOCKING DEVELOPMENT. FORWARD IMMEDIATELY TO ALL WHATSAPP GROUPS!,,synthetic,,1,generated_fake
,URGENT SHARE NOW: CONFIRMED!!! Governor Sanwo-Olu bans WhatsApp effective immediately. Forward immediately to all WhatsApp groups!,,synthetic,,1,generated_fake
,BREAKING NEWS: SHOCKING!!! Dangote announces new tax effective immediately. SHARE TO ALL GROUPS! DON'T IGNORE THIS!,,synthetic,,1,generated_fake
,BREAKING NEWS: SHOCKING!!! CBN ANNOUNCES NEW TAX LEAKED DOCUMENTS REVEAL. SHARE TO ALL GROUPS! DON'T IGNORE THIS!,,synthetic,,1,generated_fake
,URGENT SHARE NOW: CONFIRMED!!! GOVERNOR SANWO-OLU BANS WHATSAPP EFFECTIVE IMMEDIATELY. FORWARD IMMEDIATELY TO ALL WHATSAPP GROUPS!,,synthetic,,1,generated_fake
,CONFIRMED!!! Pastor Adeboye suspends all banks leaked documents reveal. This is a MUST READ! Share now!,,synthetic,,1,generated_fake
,URGENT SHARE NOW: CONFIRMED!!! Pastor Adeboye dies suddenly in shocking development. Forward immediately to all WhatsApp groups!,,synthetic,,1,generated_fake
,URGENT SHARE NOW: CONFIRMED!!! PASTOR ADEBOYE ARRESTED IN SHOCKING DEVELOPMENT. FORWARD IMMEDIATELY TO ALL WHATSAPP GROUPS!,,synthetic,,1,generated_fake
,URGENT SHARE NOW: CONFIRMED!!! APC SENTENCED TO PRISON LEAKED DOCUMENTS REVEAL. FORWARD IMMEDIATELY TO ALL WHATSAPP GROUPS!,,synthetic,,1,generated_fake
,BREAKING NEWS: SHOCKING!!! Pastor Adeboye bans WhatsApp confidential sources confirm. SHARE TO ALL GROUPS! DON'T IGNORE THIS!,,synthetic,,1,generated_fake
,URGENT SHARE NOW: CONFIRMED!!! PDP dies suddenly confidential sources confirm. Forward immediately to all WhatsApp groups!,,synthetic,,1,generated_fake
,BREAKING NEWS: SHOCKING!!! APC bans WhatsApp after emergency meeting. SHARE TO ALL GROUPS! DON'T IGNORE THIS!,,synthetic,,1,generated_fake
,BREAKING NEWS: SHOCKING!!! PASTOR ADEBOYE FIRED CONFIDENTIAL SOURCES CONFIRM. SHARE TO ALL GROUPS! DON'T IGNORE THIS!,,synthetic,,1,generated_fake
,URGENT SHARE NOW: CONFIRMED!!! Bishop Oyedepo bans WhatsApp after emergency meeting. Forward immediately to all WhatsApp groups!,,synthetic,,1,generated_fake
,URGENT SHARE NOW: CONFIRMED!!! INEC BANS WHATSAPP AFTER EMERGENCY MEETING. FORWARD IMMEDIATELY TO ALL WHATSAPP GROUPS!,,synthetic,,1,generated_fake
,BREAKING NEWS: SHOCKING!!! EFCC FLEES COUNTRY LEAKED DOCUMENTS REVEAL. SHARE TO ALL GROUPS! DON'T IGNORE THIS!,,synthetic,,1,generated_fake
,BREAKING NEWS: SHOCKING!!! Governor Sanwo-Olu flees country confidential sources confirm. SHARE TO ALL GROUPS! DON'T IGNORE THIS!,,synthetic,,1,generated_fake
,URGENT SHARE NOW: CONFIRMED!!! PRESIDENT TINUBU ARRESTED BREAKING OVERNIGHT. FORWARD IMMEDIATELY TO ALL WHATSAPP GROUPS!,,synthetic,,1,generated_fake
,URGENT SHARE NOW: CONFIRMED!!! Pastor Adeboye resigns confidential sources confirm. Forward immediately to all WhatsApp groups!,,synthetic,,1,generated_fake
,URGENT SHARE NOW: CONFIRMED!!! INEC ARRESTED CONFIDENTIAL SOURCES CONFIRM. FORWARD IMMEDIATELY TO ALL WHATSAPP GROUPS!,,synthetic,,1,generated_fake
,BREAKING NEWS: SHOCKING!!! Dangote bans WhatsApp leaked documents reveal. SHARE TO ALL GROUPS! DON'T IGNORE THIS!,,synthetic,,1,generated_fake
,URGENT SHARE NOW: CONFIRMED!!! PDP BANS WHATSAPP EFFECTIVE IMMEDIATELY. FORWARD IMMEDIATELY TO ALL WHATSAPP GROUPS!,,synthetic,,1,generated_fake
,URGENT SHARE NOW: CONFIRMED!!! Governor Sanwo-Olu flees country effective immediately. Forward immediately to all WhatsApp groups!,,synthetic,,1,generated_fake
,URGENT SHARE NOW: CONFIRMED!!! APC arrested in shocking development. Forward immediately to all WhatsApp groups!,,synthetic,,1,generated_fake
,CONFIRMED!!! GOVERNOR SANWO-OLU SENTENCED TO PRISON CONFIDENTIAL SOURCES CONFIRM. THIS IS A MUST READ! SHARE NOW!,,synthetic,,1,generated_fake
,URGENT SHARE NOW: CONFIRMED!!! EFCC dies suddenly in shocking development. Forward immediately to all WhatsApp groups!,,synthetic,,1,generated_fake
,URGENT SHARE NOW: CONFIRMED!!! CBN arrested confidential sources confirm. Forward immediately to all WhatsApp groups!,,synthetic,,1,generated_fake
,URGENT SHARE NOW: CONFIRMED!!! PDP flees country breaking overnight. Forward immediately to all WhatsApp groups!,,synthetic,,1,generated_fake
,URGENT SHARE NOW: CONFIRMED!!! Dangote suspends all banks in shocking development. Forward immediately to all WhatsApp groups!,,synthetic,,1,generated_fake
,CONFIRMED!!! Governor Sanwo-Olu announces new tax in shocking development. This is a MUST READ! Share now!,,synthetic,,1,generated_fake
,URGENT SHARE NOW: CONFIRMED!!! Pastor Adeboye sentenced to prison leaked documents reveal. Forward immediately to all WhatsApp groups!,,synthetic,,1,generated_fake
,URGENT SHARE NOW: CONFIRMED!!! APC ANNOUNCES NEW TAX LEAKED DOCUMENTS REVEAL. FORWARD IMMEDIATELY TO ALL WHATSAPP GROUPS!,,synthetic,,1,generated_fake
,URGENT SHARE NOW: CONFIRMED!!! BISHOP OYEDEPO FIRED AFTER EMERGENCY MEETING. FORWARD IMMEDIATELY TO ALL WHATSAPP GROUPS!,,synthetic,,1,generated_fake
,URGENT SHARE NOW: CONFIRMED!!! PDP SENTENCED TO PRISON EFFECTIVE IMMEDIATELY. FORWARD IMMEDIATELY TO ALL WHATSAPP GROUPS!,,synthetic,,1,generated_fake
,BREAKING NEWS: SHOCKING!!! PDP resigns confidential sources confirm. SHARE TO ALL GROUPS! DON'T IGNORE THIS!,,synthetic,,1,generated_fake
,URGENT SHARE NOW: CONFIRMED!!! Bishop Oyedepo bans WhatsApp in shocking development. Forward immediately to all WhatsApp groups!,,synthetic,,1,generated_fake
,URGENT SHARE NOW: CONFIRMED!!! APC FIRED EFFECTIVE IMMEDIATELY. FORWARD IMMEDIATELY TO ALL WHATSAPP GROUPS!,,synthetic,,1,generated_fake
,URGENT SHARE NOW: CONFIRMED!!! Pastor Adeboye sentenced to prison in shocking development. Forward immediately to all WhatsApp groups!,,synthetic,,1,generated_fake
,BREAKING NEWS: SHOCKING!!! APC ARRESTED IN SHOCKING DEVELOPMENT. SHARE TO ALL GROUPS! DON'T IGNORE THIS!,,synthetic,,1,generated_fake
,BREAKING NEWS: SHOCKING!!! PDP DIES SUDDENLY AFTER EMERGENCY MEETING. SHARE TO ALL GROUPS! DON'T IGNORE THIS!,,synthetic,,1,generated_fake
,URGENT SHARE NOW: CONFIRMED!!! INEC DIES SUDDENLY AFTER EMERGENCY MEETING. FORWARD IMMEDIATELY TO ALL WHATSAPP GROUPS!,,synthetic,,1,generated_fake
