text,label,source,type
SPECIAL REPORT: Nigeria’s maritime university upgrade stalls as billions flow into repealed academy,0,Premium Times,Silver_Standard_Training_Data
Resource Curse? The only school in this Akwa Ibom oil community lies in ruins,0,Premium Times,Silver_Standard_Training_Data
EXCLUSIVE: Why Tinubu fired Wale Edun as finance minister,0,Premium Times,Silver_Standard_Training_Data
Fiscal Breach Uncovered: How Imo under Uzodinma spent N101.5 billion in unapproved funds,0,Premium Times,Silver_Standard_Training_Data
Oil-well Dispute: Inside the report that restores Cross River’s hope,0,Premium Times,Silver_Standard_Training_Data
Modern Slavery: Inside Nigerian communities where children are sold into marriage (II),0,Premium Times,Silver_Standard_Training_Data
INVESTIGATION: Inside Nigerian communities where children are forced into marriage (1),0,Premium Times,Silver_Standard_Training_Data
"INVESTIGATION: The illegal timber trade fuelling terrorism in North-central Nigeria, Benin",0,Premium Times,Silver_Standard_Training_Data
SPECIAL REPORT: How families coped with 10-year closure of 23 schools in Oyo,0,Premium Times,Silver_Standard_Training_Data
"Inside the informant networks undermining Nigeria’s anti-banditry campaign, By Samuel Aruwan",0,Premium Times,Silver_Standard_Training_Data
"Content monetisation: The internet is rewarding harm, and women are paying the price, By Chioma Agwuegbo",0,Premium Times,Silver_Standard_Training_Data
"South Africa doesn’t have a leadership crisis: It has a humanity crisis, By Nqobile Pamela Xaba",0,Premium Times,Silver_Standard_Training_Data
"Eid and the epidemic of empty pockets, By Reuben Abati",0,Premium Times,Silver_Standard_Training_Data
"NDC as the new frontier of opposition, By Majeed Dahiru",0,Premium Times,Silver_Standard_Training_Data
"Candidate selection or civilian coup?, By Dakuku Peterside",0,Premium Times,Silver_Standard_Training_Data
SPECIAL REPORT: Nigeria’s maritime university upgrade stalls as billions flow into repealed academy,0,Premium Times,Silver_Standard_Training_Data
Resource Curse? The only school in this Akwa Ibom oil community lies in ruins,0,Premium Times,Silver_Standard_Training_Data
EXCLUSIVE: Why Tinubu fired Wale Edun as finance minister,0,Premium Times,Silver_Standard_Training_Data
Fiscal Breach Uncovered: How Imo under Uzodinma spent N101.5 billion in unapproved funds,0,Premium Times,Silver_Standard_Training_Data
Oil-well Dispute: Inside the report that restores Cross River’s hope,0,Premium Times,Silver_Standard_Training_Data
Modern Slavery: Inside Nigerian communities where children are sold into marriage (II),0,Premium Times,Silver_Standard_Training_Data
INVESTIGATION: Inside Nigerian communities where children are forced into marriage (1),0,Premium Times,Silver_Standard_Training_Data
"INVESTIGATION: The illegal timber trade fuelling terrorism in North-central Nigeria, Benin",0,Premium Times,Silver_Standard_Training_Data
SPECIAL REPORT: How families coped with 10-year closure of 23 schools in Oyo,0,Premium Times,Silver_Standard_Training_Data
"Inside the informant networks undermining Nigeria’s anti-banditry campaign, By Samuel Aruwan",0,Premium Times,Silver_Standard_Training_Data
"Content monetisation: The internet is rewarding harm, and women are paying the price, By Chioma Agwuegbo",0,Premium Times,Silver_Standard_Training_Data
"South Africa doesn’t have a leadership crisis: It has a humanity crisis, By Nqobile Pamela Xaba",0,Premium Times,Silver_Standard_Training_Data
"Eid and the epidemic of empty pockets, By Reuben Abati",0,Premium Times,Silver_Standard_Training_Data
"NDC as the new frontier of opposition, By Majeed Dahiru",0,Premium Times,Silver_Standard_Training_Data
"Candidate selection or civilian coup?, By Dakuku Peterside",0,Premium Times,Silver_Standard_Training_Data
"Chelle picks Osimhen, Lookman for Portugal, Poland friendlies, names seven NPFL stars for Unity Cup",0,Premium Times,Silver_Standard_Training_Data
Court strikes out deceased deputy governor’s suit,0,Premium Times,Silver_Standard_Training_Data
"CJID, EU launch initiative to fight disinformation, strengthen democratic resilience in north-west Nigeria",0,Premium Times,Silver_Standard_Training_Data
"DHQ dismisses claims of terrorist base in South-west, intensifies search for abducted Oyo pupils",0,Premium Times,Silver_Standard_Training_Data
ADC begins screening of governorship aspirants,0,Premium Times,Silver_Standard_Training_Data
Falana petitions African Commission over xenophobia attacks in South Africa,0,Premium Times,Silver_Standard_Training_Data
"Kano teacher remanded, school shut over alleged sexual abuse of pupils",0,Premium Times,Silver_Standard_Training_Data
2027: APC appeal committee receives 5 petitions on Delta NASS primaries,0,Premium Times,Silver_Standard_Training_Data
"Enugu, Chinese firm launch digital training for students",0,Premium Times,Silver_Standard_Training_Data
Another former minister boycotts Gombe APC governorship primary,0,Premium Times,Silver_Standard_Training_Data
Lecturers at University of Cross River begin indefinite strike,0,Premium Times,Silver_Standard_Training_Data
Flood Threat: NEMA launches response campaign in Rivers,0,Premium Times,Silver_Standard_Training_Data
"FAAN announces additional health screening measures, enhanced Ebola surveillance at Nigerian airports",0,Premium Times,Silver_Standard_Training_Data
Oloyede made JAMB model for Nigeria’s public institutions – Cleric,0,Premium Times,Silver_Standard_Training_Data
"How close associates betrayed, overthrew me — Gowon",0,Premium Times,Silver_Standard_Training_Data
"CSOs condemn Borno schoolchildren abduction, demand security overhaul",0,Premium Times,Silver_Standard_Training_Data
Plateau APC primaries sweep out six federal lawmakers,0,Premium Times,Silver_Standard_Training_Data
"Sowore refuses to enter defence in cyber-bullying trial, writes Chief Judge for case transfer",0,Premium Times,Silver_Standard_Training_Data
Wizkid sets record as first African artiste to reach 11 billion Spotify streams,0,Premium Times,Silver_Standard_Training_Data
"Gowon Memoir: Jonathan, Sultan, rally Nigerians to preserve history",0,Premium Times,Silver_Standard_Training_Data
﻿UCTH CMD says relocation of medical professionals gradually reducing,0,Premium Times,Silver_Standard_Training_Data
Lawyers critical to ending corruption in Nigeria – NBA committee,0,Premium Times,Silver_Standard_Training_Data
Kukah recounts Gowon’s post-exile life after ouster from power,0,Premium Times,Silver_Standard_Training_Data
DRC-Uganda Ebola emergency followed IHR procedures — WHO,0,Premium Times,Silver_Standard_Training_Data
Arsenal crowned Premier League champions after Man City stumble at Bournemouth,0,Premium Times,Silver_Standard_Training_Data
"DHQ gives update on Nigeria-US operations against Islamic State, says 175 terrorists killed",0,Premium Times,Silver_Standard_Training_Data
"Aspirants reject result of APC primary in Ekiti, demand cancellation",0,Premium Times,Silver_Standard_Training_Data
Court begins contempt proceedings against FCCPC over alleged breach of digital lending order,0,Premium Times,Silver_Standard_Training_Data
Our Digital Network,0,Premium Times,Silver_Standard_Training_Data
Projects & Partnerships,0,Premium Times,Silver_Standard_Training_Data
Retrieve your password,0,Premium Times,Silver_Standard_Training_Data
Add New Playlist,0,Premium Times,Silver_Standard_Training_Data
SPECIAL REPORT: Nigeria’s maritime university upgrade stalls as billions flow into repealed academy,0,Premium Times,Silver_Standard_Training_Data
Resource Curse? The only school in this Akwa Ibom oil community lies in ruins,0,Premium Times,Silver_Standard_Training_Data
EXCLUSIVE: Why Tinubu fired Wale Edun as finance minister,0,Premium Times,Silver_Standard_Training_Data
Fiscal Breach Uncovered: How Imo under Uzodinma spent N101.5 billion in unapproved funds,0,Premium Times,Silver_Standard_Training_Data
Oil-well Dispute: Inside the report that restores Cross River’s hope,0,Premium Times,Silver_Standard_Training_Data
Modern Slavery: Inside Nigerian communities where children are sold into marriage (II),0,Premium Times,Silver_Standard_Training_Data
INVESTIGATION: Inside Nigerian communities where children are forced into marriage (1),0,Premium Times,Silver_Standard_Training_Data
"INVESTIGATION: The illegal timber trade fuelling terrorism in North-central Nigeria, Benin",0,Premium Times,Silver_Standard_Training_Data
SPECIAL REPORT: How families coped with 10-year closure of 23 schools in Oyo,0,Premium Times,Silver_Standard_Training_Data
"Inside the informant networks undermining Nigeria’s anti-banditry campaign, By Samuel Aruwan",0,Premium Times,Silver_Standard_Training_Data
"Content monetisation: The internet is rewarding harm, and women are paying the price, By Chioma Agwuegbo",0,Premium Times,Silver_Standard_Training_Data
"South Africa doesn’t have a leadership crisis: It has a humanity crisis, By Nqobile Pamela Xaba",0,Premium Times,Silver_Standard_Training_Data
"Eid and the epidemic of empty pockets, By Reuben Abati",0,Premium Times,Silver_Standard_Training_Data
"NDC as the new frontier of opposition, By Majeed Dahiru",0,Premium Times,Silver_Standard_Training_Data
"Candidate selection or civilian coup?, By Dakuku Peterside",0,Premium Times,Silver_Standard_Training_Data
SPECIAL REPORT: Nigeria’s maritime university upgrade stalls as billions flow into repealed academy,0,Premium Times,Silver_Standard_Training_Data
Resource Curse? The only school in this Akwa Ibom oil community lies in ruins,0,Premium Times,Silver_Standard_Training_Data
EXCLUSIVE: Why Tinubu fired Wale Edun as finance minister,0,Premium Times,Silver_Standard_Training_Data
Fiscal Breach Uncovered: How Imo under Uzodinma spent N101.5 billion in unapproved funds,0,Premium Times,Silver_Standard_Training_Data
Oil-well Dispute: Inside the report that restores Cross River’s hope,0,Premium Times,Silver_Standard_Training_Data
Modern Slavery: Inside Nigerian communities where children are sold into marriage (II),0,Premium Times,Silver_Standard_Training_Data
INVESTIGATION: Inside Nigerian communities where children are forced into marriage (1),0,Premium Times,Silver_Standard_Training_Data
"INVESTIGATION: The illegal timber trade fuelling terrorism in North-central Nigeria, Benin",0,Premium Times,Silver_Standard_Training_Data
SPECIAL REPORT: How families coped with 10-year closure of 23 schools in Oyo,0,Premium Times,Silver_Standard_Training_Data
"Inside the informant networks undermining Nigeria’s anti-banditry campaign, By Samuel Aruwan",0,Premium Times,Silver_Standard_Training_Data
"Content monetisation: The internet is rewarding harm, and women are paying the price, By Chioma Agwuegbo",0,Premium Times,Silver_Standard_Training_Data
"South Africa doesn’t have a leadership crisis: It has a humanity crisis, By Nqobile Pamela Xaba",0,Premium Times,Silver_Standard_Training_Data
"Eid and the epidemic of empty pockets, By Reuben Abati",0,Premium Times,Silver_Standard_Training_Data
"NDC as the new frontier of opposition, By Majeed Dahiru",0,Premium Times,Silver_Standard_Training_Data
"Candidate selection or civilian coup?, By Dakuku Peterside",0,Premium Times,Silver_Standard_Training_Data
"Chelle picks Osimhen, Lookman for Portugal, Poland friendlies, names seven NPFL stars for Unity Cup",0,Premium Times,Silver_Standard_Training_Data
Court strikes out deceased deputy governor’s suit,0,Premium Times,Silver_Standard_Training_Data
"CJID, EU launch initiative to fight disinformation, strengthen democratic resilience in north-west Nigeria",0,Premium Times,Silver_Standard_Training_Data
"PenCom, NLC move against pension non-remittance by employers",0,Premium Times,Silver_Standard_Training_Data
‎Ondo doctors threaten action over alleged decline in welfare and manpower.,0,Premium Times,Silver_Standard_Training_Data
"JUST IN: Pantami withdraws from Gombe APC governorship primaries, gives reasons",0,Premium Times,Silver_Standard_Training_Data
How some people claimed I planned to kill Tinubu to take over power – VP Shettima,0,Premium Times,Silver_Standard_Training_Data
Why I finally wrote my memoir after 60 years – Gowon,0,Premium Times,Silver_Standard_Training_Data
AbdulRazaq endorses governorship aspirant amid Kwara APC tensions,0,Premium Times,Silver_Standard_Training_Data
Why I supported Lagos Speaker Obasa’s removal — Desmond Elliott,0,Premium Times,Silver_Standard_Training_Data
"Gowon’s Autobiography: T.Y. Danjuma donates N3bn, Dangote N500m",0,Premium Times,Silver_Standard_Training_Data
UPDATED: Makinde-backed PDP adopts Jonathan as sole presidential candidate,0,Premium Times,Silver_Standard_Training_Data
Abia inaugurates biogas pilot project to drive renewable energy – Official,0,Premium Times,Silver_Standard_Training_Data
Cross River senator rejects APC primary election results,0,Premium Times,Silver_Standard_Training_Data
Ondo govt closes schools for APC assembly primaries after Monday’s violence,0,Premium Times,Silver_Standard_Training_Data
UPDATED: EFCC arrests fleeing convicted ex-power minister,0,Premium Times,Silver_Standard_Training_Data
"11 years ago, Desmond Elliot swapped costumes for gavel, now he faces tough survival battle",0,Premium Times,Silver_Standard_Training_Data
APC Primaries: All 7 Zamfara incumbent Reps secure return tickets,0,Premium Times,Silver_Standard_Training_Data
"AFCON 2027 Qualifiers: Nigeria to battle Madagascar, Guinea-Bissau for ticket",0,Premium Times,Silver_Standard_Training_Data
"Dangote refinery cuts aviation fuel price to N1,650",0,Premium Times,Silver_Standard_Training_Data
"APC returns incumbents, picks new faces in Osun primaries",0,Premium Times,Silver_Standard_Training_Data
Judge rules on SSS lawyer’s complaint of El-Rufai family’s alleged inciteful conduct,0,Premium Times,Silver_Standard_Training_Data
"2027: ‘I’m 63, you can’t call me boy, be careful!’ Kano governor warns Kwankwaso",0,Premium Times,Silver_Standard_Training_Data
Togo removes visa requirement for African nationals,0,Premium Times,Silver_Standard_Training_Data
DOWNLOAD: SSS operatives’ N100 million defamation judgement against SERAP,0,Premium Times,Silver_Standard_Training_Data
EFCC hands over recovered N837million to Katsina government,0,Premium Times,Silver_Standard_Training_Data
APC Primaries: Abiru secures Lagos East ticket unopposed for third term,0,Premium Times,Silver_Standard_Training_Data
UniAbuja student wins Amnesty International’s 2026 inter-varsity debate,0,Premium Times,Silver_Standard_Training_Data
Our Digital Network,0,Premium Times,Silver_Standard_Training_Data
Projects & Partnerships,0,Premium Times,Silver_Standard_Training_Data
Retrieve your password,0,Premium Times,Silver_Standard_Training_Data
Add New Playlist,0,Premium Times,Silver_Standard_Training_Data
SPECIAL REPORT: Nigeria’s maritime university upgrade stalls as billions flow into repealed academy,0,Premium Times,Silver_Standard_Training_Data
Resource Curse? The only school in this Akwa Ibom oil community lies in ruins,0,Premium Times,Silver_Standard_Training_Data
EXCLUSIVE: Why Tinubu fired Wale Edun as finance minister,0,Premium Times,Silver_Standard_Training_Data
Fiscal Breach Uncovered: How Imo under Uzodinma spent N101.5 billion in unapproved funds,0,Premium Times,Silver_Standard_Training_Data
Oil-well Dispute: Inside the report that restores Cross River’s hope,0,Premium Times,Silver_Standard_Training_Data
Modern Slavery: Inside Nigerian communities where children are sold into marriage (II),0,Premium Times,Silver_Standard_Training_Data
INVESTIGATION: Inside Nigerian communities where children are forced into marriage (1),0,Premium Times,Silver_Standard_Training_Data
"INVESTIGATION: The illegal timber trade fuelling terrorism in North-central Nigeria, Benin",0,Premium Times,Silver_Standard_Training_Data
SPECIAL REPORT: How families coped with 10-year closure of 23 schools in Oyo,0,Premium Times,Silver_Standard_Training_Data
"Inside the informant networks undermining Nigeria’s anti-banditry campaign, By Samuel Aruwan",0,Premium Times,Silver_Standard_Training_Data
"Content monetisation: The internet is rewarding harm, and women are paying the price, By Chioma Agwuegbo",0,Premium Times,Silver_Standard_Training_Data
"South Africa doesn’t have a leadership crisis: It has a humanity crisis, By Nqobile Pamela Xaba",0,Premium Times,Silver_Standard_Training_Data
"Eid and the epidemic of empty pockets, By Reuben Abati",0,Premium Times,Silver_Standard_Training_Data
"NDC as the new frontier of opposition, By Majeed Dahiru",0,Premium Times,Silver_Standard_Training_Data
"Candidate selection or civilian coup?, By Dakuku Peterside",0,Premium Times,Silver_Standard_Training_Data
SPECIAL REPORT: Nigeria’s maritime university upgrade stalls as billions flow into repealed academy,0,Premium Times,Silver_Standard_Training_Data
Resource Curse? The only school in this Akwa Ibom oil community lies in ruins,0,Premium Times,Silver_Standard_Training_Data
EXCLUSIVE: Why Tinubu fired Wale Edun as finance minister,0,Premium Times,Silver_Standard_Training_Data
Fiscal Breach Uncovered: How Imo under Uzodinma spent N101.5 billion in unapproved funds,0,Premium Times,Silver_Standard_Training_Data
Oil-well Dispute: Inside the report that restores Cross River’s hope,0,Premium Times,Silver_Standard_Training_Data
Modern Slavery: Inside Nigerian communities where children are sold into marriage (II),0,Premium Times,Silver_Standard_Training_Data
INVESTIGATION: Inside Nigerian communities where children are forced into marriage (1),0,Premium Times,Silver_Standard_Training_Data
"INVESTIGATION: The illegal timber trade fuelling terrorism in North-central Nigeria, Benin",0,Premium Times,Silver_Standard_Training_Data
SPECIAL REPORT: How families coped with 10-year closure of 23 schools in Oyo,0,Premium Times,Silver_Standard_Training_Data
"Inside the informant networks undermining Nigeria’s anti-banditry campaign, By Samuel Aruwan",0,Premium Times,Silver_Standard_Training_Data
"Content monetisation: The internet is rewarding harm, and women are paying the price, By Chioma Agwuegbo",0,Premium Times,Silver_Standard_Training_Data
"South Africa doesn’t have a leadership crisis: It has a humanity crisis, By Nqobile Pamela Xaba",0,Premium Times,Silver_Standard_Training_Data
"Eid and the epidemic of empty pockets, By Reuben Abati",0,Premium Times,Silver_Standard_Training_Data
"NDC as the new frontier of opposition, By Majeed Dahiru",0,Premium Times,Silver_Standard_Training_Data
"Candidate selection or civilian coup?, By Dakuku Peterside",0,Premium Times,Silver_Standard_Training_Data
"Chelle picks Osimhen, Lookman for Portugal, Poland friendlies, names seven NPFL stars for Unity Cup",0,Premium Times,Silver_Standard_Training_Data
Court strikes out deceased deputy governor’s suit,0,Premium Times,Silver_Standard_Training_Data
"CJID, EU launch initiative to fight disinformation, strengthen democratic resilience in north-west Nigeria",0,Premium Times,Silver_Standard_Training_Data
"WHO declares Ebola outbreak in DRC, Uganda global health emergency",0,Premium Times,Silver_Standard_Training_Data
"Facing EFCC trial, ex-Gov Yahaya Bello wins APC senatorial primary",0,Premium Times,Silver_Standard_Training_Data
APC primaries sweep out over 50 reps ahead of 2027 elections,0,Premium Times,Silver_Standard_Training_Data
Nigerian athlete shot dead days before MBA graduation in United States,0,Premium Times,Silver_Standard_Training_Data
Doctors suspend strike in Akwa Ibom after EFCC chair’s apology,0,Premium Times,Silver_Standard_Training_Data
"2027: Despite forgery scandal, Wike’s PDP faction clears ex-Minister Uche Nnaji",0,Premium Times,Silver_Standard_Training_Data
"OAU inducts 157 medical, dental graduates",0,Premium Times,Silver_Standard_Training_Data
"EU, UNODC, ECOWAS back Nigeria’s 2026-2030 drug control plan",0,Premium Times,Silver_Standard_Training_Data
Trump says he called off renewed attack on Iran at Gulf states’ request,0,Premium Times,Silver_Standard_Training_Data
Nigeria intensifies surveillance as Ebola outbreak spreads in Central Africa – NCDC,0,Premium Times,Silver_Standard_Training_Data
Can NDC zoning presidency to South affect Tinubu’s re-election bid?,0,Premium Times,Silver_Standard_Training_Data
ADC screens over 70 governorship aspirants ahead of primaries,0,Premium Times,Silver_Standard_Training_Data
"2027: Orji Kalu, Atuma win APC senatorial tickets in Abia",0,Premium Times,Silver_Standard_Training_Data
"2027: Dafinone defeats Omo-Agege, wins APC senatorial ticket in Delta",0,Premium Times,Silver_Standard_Training_Data
APC Primaries: Adebule emerges Lagos West candidate unopposed,0,Premium Times,Silver_Standard_Training_Data
"APC Primaries: Senate spokesperson, other serving Ekiti senators win return tickets",0,Premium Times,Silver_Standard_Training_Data
EPL: Arsenal move five points clear after slim win over Burnley,0,Premium Times,Silver_Standard_Training_Data
"After 15 years in the Senate, Goje loses APC primary",0,Premium Times,Silver_Standard_Training_Data
"Family protest over El-Rufai’s detention by SSS, healthcare access, ICPC speaks",0,Premium Times,Silver_Standard_Training_Data
"2027: Barau, Shekarau, Kawu emerge as Kano APC senatorial candidates unopposed",0,Premium Times,Silver_Standard_Training_Data
House of Assembly member wins APC ticket in Abia South District,0,Premium Times,Silver_Standard_Training_Data
APC Primaries: Thugs attack electoral official in Kaduna,0,Premium Times,Silver_Standard_Training_Data
2027: Uzodimma clinches APC Imo West Senatorial District ticket,0,Premium Times,Silver_Standard_Training_Data
"FG to scale up caregiver training, certification to boost care economy",0,Premium Times,Silver_Standard_Training_Data
Wrexham goalkeeper Arthur Okonkwo speaks on first Super Eagles’ call-up,0,Premium Times,Silver_Standard_Training_Data
Our Digital Network,0,Premium Times,Silver_Standard_Training_Data
Projects & Partnerships,0,Premium Times,Silver_Standard_Training_Data
Retrieve your password,0,Premium Times,Silver_Standard_Training_Data
Add New Playlist,0,Premium Times,Silver_Standard_Training_Data
SPECIAL REPORT: Nigeria’s maritime university upgrade stalls as billions flow into repealed academy,0,Premium Times,Silver_Standard_Training_Data
Resource Curse? The only school in this Akwa Ibom oil community lies in ruins,0,Premium Times,Silver_Standard_Training_Data
EXCLUSIVE: Why Tinubu fired Wale Edun as finance minister,0,Premium Times,Silver_Standard_Training_Data
Fiscal Breach Uncovered: How Imo under Uzodinma spent N101.5 billion in unapproved funds,0,Premium Times,Silver_Standard_Training_Data
Oil-well Dispute: Inside the report that restores Cross River’s hope,0,Premium Times,Silver_Standard_Training_Data
Modern Slavery: Inside Nigerian communities where children are sold into marriage (II),0,Premium Times,Silver_Standard_Training_Data
INVESTIGATION: Inside Nigerian communities where children are forced into marriage (1),0,Premium Times,Silver_Standard_Training_Data
"INVESTIGATION: The illegal timber trade fuelling terrorism in North-central Nigeria, Benin",0,Premium Times,Silver_Standard_Training_Data
SPECIAL REPORT: How families coped with 10-year closure of 23 schools in Oyo,0,Premium Times,Silver_Standard_Training_Data
"Inside the informant networks undermining Nigeria’s anti-banditry campaign, By Samuel Aruwan",0,Premium Times,Silver_Standard_Training_Data
"Content monetisation: The internet is rewarding harm, and women are paying the price, By Chioma Agwuegbo",0,Premium Times,Silver_Standard_Training_Data
"South Africa doesn’t have a leadership crisis: It has a humanity crisis, By Nqobile Pamela Xaba",0,Premium Times,Silver_Standard_Training_Data
"Eid and the epidemic of empty pockets, By Reuben Abati",0,Premium Times,Silver_Standard_Training_Data
"NDC as the new frontier of opposition, By Majeed Dahiru",0,Premium Times,Silver_Standard_Training_Data
"Candidate selection or civilian coup?, By Dakuku Peterside",0,Premium Times,Silver_Standard_Training_Data
SPECIAL REPORT: Nigeria’s maritime university upgrade stalls as billions flow into repealed academy,0,Premium Times,Silver_Standard_Training_Data
Resource Curse? The only school in this Akwa Ibom oil community lies in ruins,0,Premium Times,Silver_Standard_Training_Data
EXCLUSIVE: Why Tinubu fired Wale Edun as finance minister,0,Premium Times,Silver_Standard_Training_Data
Fiscal Breach Uncovered: How Imo under Uzodinma spent N101.5 billion in unapproved funds,0,Premium Times,Silver_Standard_Training_Data
Oil-well Dispute: Inside the report that restores Cross River’s hope,0,Premium Times,Silver_Standard_Training_Data
Modern Slavery: Inside Nigerian communities where children are sold into marriage (II),0,Premium Times,Silver_Standard_Training_Data
INVESTIGATION: Inside Nigerian communities where children are forced into marriage (1),0,Premium Times,Silver_Standard_Training_Data
"INVESTIGATION: The illegal timber trade fuelling terrorism in North-central Nigeria, Benin",0,Premium Times,Silver_Standard_Training_Data
SPECIAL REPORT: How families coped with 10-year closure of 23 schools in Oyo,0,Premium Times,Silver_Standard_Training_Data
"Inside the informant networks undermining Nigeria’s anti-banditry campaign, By Samuel Aruwan",0,Premium Times,Silver_Standard_Training_Data
"Content monetisation: The internet is rewarding harm, and women are paying the price, By Chioma Agwuegbo",0,Premium Times,Silver_Standard_Training_Data
"South Africa doesn’t have a leadership crisis: It has a humanity crisis, By Nqobile Pamela Xaba",0,Premium Times,Silver_Standard_Training_Data
"Eid and the epidemic of empty pockets, By Reuben Abati",0,Premium Times,Silver_Standard_Training_Data
"NDC as the new frontier of opposition, By Majeed Dahiru",0,Premium Times,Silver_Standard_Training_Data
"Candidate selection or civilian coup?, By Dakuku Peterside",0,Premium Times,Silver_Standard_Training_Data
"Chelle picks Osimhen, Lookman for Portugal, Poland friendlies, names seven NPFL stars for Unity Cup",0,Premium Times,Silver_Standard_Training_Data
Court strikes out deceased deputy governor’s suit,0,Premium Times,Silver_Standard_Training_Data
"CJID, EU launch initiative to fight disinformation, strengthen democratic resilience in north-west Nigeria",0,Premium Times,Silver_Standard_Training_Data
"Okowa defeats Ned Nwoko, wins APC Delta North senatorial ticket",0,Premium Times,Silver_Standard_Training_Data
"Oyo Mass Abduction: Makinde hints at negotiation with kidnappers, says 25 students, seven teachers abducted",0,Premium Times,Silver_Standard_Training_Data
"WHO says finances stabilised after restructuring, funding shocks",0,Premium Times,Silver_Standard_Training_Data
"Sterling Holdco to raise fresh $400 million through debt, equity instruments",0,Premium Times,Silver_Standard_Training_Data
APC revises list of disqualified senatorial aspirants,0,Premium Times,Silver_Standard_Training_Data
Oron elders decry failed take-off of maritime university four years after establishment,0,Premium Times,Silver_Standard_Training_Data
WHO warns global preparedness failing amid rising pandemic threats,0,Premium Times,Silver_Standard_Training_Data
2027: Court to deliver judgement in suit challenging Jonathan’s eligibility,0,Premium Times,Silver_Standard_Training_Data
"Nigeria police busts trafficking syndicate, rescues 30 Malians, arrests 13 suspects",0,Premium Times,Silver_Standard_Training_Data
"NHRC records 266,787 human rights complaints in April, as reported violations surge",0,Premium Times,Silver_Standard_Training_Data
AFCON 2027: Super Eagles await opponents as CAF conducts qualifiers draw in Cairo,0,Premium Times,Silver_Standard_Training_Data
EFCC secures final forfeiture of jet linked to NNPC power project probe,0,Premium Times,Silver_Standard_Training_Data
"Oyedele unveils Tax Ombud website, digital portal to strengthen taxpayer protection",0,Premium Times,Silver_Standard_Training_Data
ECOWAS Court orders Nigeria to decongest overcrowded prisons,0,Premium Times,Silver_Standard_Training_Data
"NRS, JRB to implement Tax ID system",0,Premium Times,Silver_Standard_Training_Data
Jury begins deliberation in Diezani Alison-Madueke’s bribery trial,0,Premium Times,Silver_Standard_Training_Data
"Army expands nationwide formations, honours fallen, wounded soldiers",0,Premium Times,Silver_Standard_Training_Data
Xenophobia: Ghana to begin repatriating citizens from South Africa on Thursday,0,Premium Times,Silver_Standard_Training_Data
"Soludo swears in 18 commissioners, four others",0,Premium Times,Silver_Standard_Training_Data
"Cattle destroy farm in Abia community, herders’ whereabouts unknown",0,Premium Times,Silver_Standard_Training_Data
"Ex-humanitarian minister fails to appear for arraignment on fraud charges, despite arrest warrant",0,Premium Times,Silver_Standard_Training_Data
"Thugs disrupt APC senatorial primary in Ondo, shoot senator’s car",0,Premium Times,Silver_Standard_Training_Data
EFCC apologises to doctors over Uyo hospital incident,0,Premium Times,Silver_Standard_Training_Data
‘Tali Shani’ passport used in Mike Ozekhome’s London property case was forged – Witness,0,Premium Times,Silver_Standard_Training_Data
2027: Senate Leader secures APC return ticket unopposed,0,Premium Times,Silver_Standard_Training_Data
Our Digital Network,0,Premium Times,Silver_Standard_Training_Data
Projects & Partnerships,0,Premium Times,Silver_Standard_Training_Data
Retrieve your password,0,Premium Times,Silver_Standard_Training_Data
Add New Playlist,0,Premium Times,Silver_Standard_Training_Data
SPECIAL REPORT: Nigeria’s maritime university upgrade stalls as billions flow into repealed academy,0,Premium Times,Silver_Standard_Training_Data
Resource Curse? The only school in this Akwa Ibom oil community lies in ruins,0,Premium Times,Silver_Standard_Training_Data
EXCLUSIVE: Why Tinubu fired Wale Edun as finance minister,0,Premium Times,Silver_Standard_Training_Data
Fiscal Breach Uncovered: How Imo under Uzodinma spent N101.5 billion in unapproved funds,0,Premium Times,Silver_Standard_Training_Data
Oil-well Dispute: Inside the report that restores Cross River’s hope,0,Premium Times,Silver_Standard_Training_Data
Modern Slavery: Inside Nigerian communities where children are sold into marriage (II),0,Premium Times,Silver_Standard_Training_Data
INVESTIGATION: Inside Nigerian communities where children are forced into marriage (1),0,Premium Times,Silver_Standard_Training_Data
"INVESTIGATION: The illegal timber trade fuelling terrorism in North-central Nigeria, Benin",0,Premium Times,Silver_Standard_Training_Data
SPECIAL REPORT: How families coped with 10-year closure of 23 schools in Oyo,0,Premium Times,Silver_Standard_Training_Data
"Inside the informant networks undermining Nigeria’s anti-banditry campaign, By Samuel Aruwan",0,Premium Times,Silver_Standard_Training_Data
"Content monetisation: The internet is rewarding harm, and women are paying the price, By Chioma Agwuegbo",0,Premium Times,Silver_Standard_Training_Data
"South Africa doesn’t have a leadership crisis: It has a humanity crisis, By Nqobile Pamela Xaba",0,Premium Times,Silver_Standard_Training_Data
"Eid and the epidemic of empty pockets, By Reuben Abati",0,Premium Times,Silver_Standard_Training_Data
"NDC as the new frontier of opposition, By Majeed Dahiru",0,Premium Times,Silver_Standard_Training_Data
"Candidate selection or civilian coup?, By Dakuku Peterside",0,Premium Times,Silver_Standard_Training_Data
SPECIAL REPORT: Nigeria’s maritime university upgrade stalls as billions flow into repealed academy,0,Premium Times,Silver_Standard_Training_Data
Resource Curse? The only school in this Akwa Ibom oil community lies in ruins,0,Premium Times,Silver_Standard_Training_Data
EXCLUSIVE: Why Tinubu fired Wale Edun as finance minister,0,Premium Times,Silver_Standard_Training_Data
Fiscal Breach Uncovered: How Imo under Uzodinma spent N101.5 billion in unapproved funds,0,Premium Times,Silver_Standard_Training_Data
Oil-well Dispute: Inside the report that restores Cross River’s hope,0,Premium Times,Silver_Standard_Training_Data
Modern Slavery: Inside Nigerian communities where children are sold into marriage (II),0,Premium Times,Silver_Standard_Training_Data
INVESTIGATION: Inside Nigerian communities where children are forced into marriage (1),0,Premium Times,Silver_Standard_Training_Data
"INVESTIGATION: The illegal timber trade fuelling terrorism in North-central Nigeria, Benin",0,Premium Times,Silver_Standard_Training_Data
SPECIAL REPORT: How families coped with 10-year closure of 23 schools in Oyo,0,Premium Times,Silver_Standard_Training_Data
"Inside the informant networks undermining Nigeria’s anti-banditry campaign, By Samuel Aruwan",0,Premium Times,Silver_Standard_Training_Data
"Content monetisation: The internet is rewarding harm, and women are paying the price, By Chioma Agwuegbo",0,Premium Times,Silver_Standard_Training_Data
"South Africa doesn’t have a leadership crisis: It has a humanity crisis, By Nqobile Pamela Xaba",0,Premium Times,Silver_Standard_Training_Data
"Eid and the epidemic of empty pockets, By Reuben Abati",0,Premium Times,Silver_Standard_Training_Data
"NDC as the new frontier of opposition, By Majeed Dahiru",0,Premium Times,Silver_Standard_Training_Data
"Candidate selection or civilian coup?, By Dakuku Peterside",0,Premium Times,Silver_Standard_Training_Data
"Chelle picks Osimhen, Lookman for Portugal, Poland friendlies, names seven NPFL stars for Unity Cup",0,Premium Times,Silver_Standard_Training_Data
Court strikes out deceased deputy governor’s suit,0,Premium Times,Silver_Standard_Training_Data
"CJID, EU launch initiative to fight disinformation, strengthen democratic resilience in north-west Nigeria",0,Premium Times,Silver_Standard_Training_Data
"El-Rufai’s phone tapping interview video played in court, as SSS’ first witness testifies",0,Premium Times,Silver_Standard_Training_Data
"Oyo School Abduction: Tinubu condemns teacher’s killing, pledges rescue of students, others",0,Premium Times,Silver_Standard_Training_Data
APC disqualifies three senators who defected from PDP to seek return tickets,0,Premium Times,Silver_Standard_Training_Data
"2027: APC disqualifies Wike’s former deputy, 46 others from senatorial primaries (FULL LIST)",0,Premium Times,Silver_Standard_Training_Data
Confusion as Yahaya Bello appears ‘not cleared’ in APC Senate screening,0,Premium Times,Silver_Standard_Training_Data
"Bandits kill 11, including security operative, pregnant woman, in Katsina attack",0,Premium Times,Silver_Standard_Training_Data
2027: My vice presidential ticket is one-way route to the presidency – Kwankwaso,0,Premium Times,Silver_Standard_Training_Data
2027: Jigawa PDP reps get return tickets as party opts for consensus,0,Premium Times,Silver_Standard_Training_Data
"UNICEF, UniCal collaborate to end open defecation on campus",0,Premium Times,Silver_Standard_Training_Data
"APC overturns Plateau Reps’ primary result, declares Gagdi winner",0,Premium Times,Silver_Standard_Training_Data
SPECIAL REPORT: Nigeria’s maritime university upgrade stalls as billions flow into repealed academy,0,Premium Times,Silver_Standard_Training_Data
"Ugandan President signs controversial bill to curb foreign influence, political funding",0,Premium Times,Silver_Standard_Training_Data
"Nigeria, US coordinated airstrikes kill 20 ISIS/ISWAP terrorists in Borno — DHQ",0,Premium Times,Silver_Standard_Training_Data
"APC now running Akwa Ibom PDP, exco member of Wike-backed PDP faction laments",0,Premium Times,Silver_Standard_Training_Data
Court grants social media influencer Justice Crack bail in cybercrime trial,0,Premium Times,Silver_Standard_Training_Data
2027: Farouk Lawan loses primary as Kano APC picks 20 Reps candidates by consensus,0,Premium Times,Silver_Standard_Training_Data
"Nigeria, US airstrikes against ISWAP continue – Defence Headquarters",0,Premium Times,Silver_Standard_Training_Data
Police arrest suspects over alleged ritual killings in Enugu,0,Premium Times,Silver_Standard_Training_Data
Court grants El-Rufai bail in phone tapping trial,0,Premium Times,Silver_Standard_Training_Data
"Billionaire, Femi Otedola, among writers shortlisted for BCA African Business Book 2026",0,Premium Times,Silver_Standard_Training_Data
"ECOWAS Parliament passes new resolution on regional security, amid coordinated Mali attacks",0,Premium Times,Silver_Standard_Training_Data
Fragile relief as palm oil prices drop in Benin,0,Premium Times,Silver_Standard_Training_Data
House of Reps member challenges APC primary result,0,Premium Times,Silver_Standard_Training_Data
Gbenga Daniel’s supporters threaten boycott of Ogun APC senatorial primaries,0,Premium Times,Silver_Standard_Training_Data
Incumbent Ebonyi Reps members win in APC primaries,0,Premium Times,Silver_Standard_Training_Data
Our Digital Network,0,Premium Times,Silver_Standard_Training_Data
Projects & Partnerships,0,Premium Times,Silver_Standard_Training_Data
Retrieve your password,0,Premium Times,Silver_Standard_Training_Data
Add New Playlist,0,Premium Times,Silver_Standard_Training_Data
SPECIAL REPORT: Nigeria’s maritime university upgrade stalls as billions flow into repealed academy,0,Premium Times,Silver_Standard_Training_Data
Resource Curse? The only school in this Akwa Ibom oil community lies in ruins,0,Premium Times,Silver_Standard_Training_Data
EXCLUSIVE: Why Tinubu fired Wale Edun as finance minister,0,Premium Times,Silver_Standard_Training_Data
Fiscal Breach Uncovered: How Imo under Uzodinma spent N101.5 billion in unapproved funds,0,Premium Times,Silver_Standard_Training_Data
Oil-well Dispute: Inside the report that restores Cross River’s hope,0,Premium Times,Silver_Standard_Training_Data
Modern Slavery: Inside Nigerian communities where children are sold into marriage (II),0,Premium Times,Silver_Standard_Training_Data
INVESTIGATION: Inside Nigerian communities where children are forced into marriage (1),0,Premium Times,Silver_Standard_Training_Data
"INVESTIGATION: The illegal timber trade fuelling terrorism in North-central Nigeria, Benin",0,Premium Times,Silver_Standard_Training_Data
SPECIAL REPORT: How families coped with 10-year closure of 23 schools in Oyo,0,Premium Times,Silver_Standard_Training_Data
"Inside the informant networks undermining Nigeria’s anti-banditry campaign, By Samuel Aruwan",0,Premium Times,Silver_Standard_Training_Data
"Content monetisation: The internet is rewarding harm, and women are paying the price, By Chioma Agwuegbo",0,Premium Times,Silver_Standard_Training_Data
"South Africa doesn’t have a leadership crisis: It has a humanity crisis, By Nqobile Pamela Xaba",0,Premium Times,Silver_Standard_Training_Data
"Eid and the epidemic of empty pockets, By Reuben Abati",0,Premium Times,Silver_Standard_Training_Data
"NDC as the new frontier of opposition, By Majeed Dahiru",0,Premium Times,Silver_Standard_Training_Data
"Candidate selection or civilian coup?, By Dakuku Peterside",0,Premium Times,Silver_Standard_Training_Data
SPECIAL REPORT: Nigeria’s maritime university upgrade stalls as billions flow into repealed academy,0,Premium Times,Silver_Standard_Training_Data
Resource Curse? The only school in this Akwa Ibom oil community lies in ruins,0,Premium Times,Silver_Standard_Training_Data
EXCLUSIVE: Why Tinubu fired Wale Edun as finance minister,0,Premium Times,Silver_Standard_Training_Data
Fiscal Breach Uncovered: How Imo under Uzodinma spent N101.5 billion in unapproved funds,0,Premium Times,Silver_Standard_Training_Data
Oil-well Dispute: Inside the report that restores Cross River’s hope,0,Premium Times,Silver_Standard_Training_Data
Modern Slavery: Inside Nigerian communities where children are sold into marriage (II),0,Premium Times,Silver_Standard_Training_Data
INVESTIGATION: Inside Nigerian communities where children are forced into marriage (1),0,Premium Times,Silver_Standard_Training_Data
"INVESTIGATION: The illegal timber trade fuelling terrorism in North-central Nigeria, Benin",0,Premium Times,Silver_Standard_Training_Data
SPECIAL REPORT: How families coped with 10-year closure of 23 schools in Oyo,0,Premium Times,Silver_Standard_Training_Data
"Inside the informant networks undermining Nigeria’s anti-banditry campaign, By Samuel Aruwan",0,Premium Times,Silver_Standard_Training_Data
"Content monetisation: The internet is rewarding harm, and women are paying the price, By Chioma Agwuegbo",0,Premium Times,Silver_Standard_Training_Data
"South Africa doesn’t have a leadership crisis: It has a humanity crisis, By Nqobile Pamela Xaba",0,Premium Times,Silver_Standard_Training_Data
"Eid and the epidemic of empty pockets, By Reuben Abati",0,Premium Times,Silver_Standard_Training_Data
"NDC as the new frontier of opposition, By Majeed Dahiru",0,Premium Times,Silver_Standard_Training_Data
"Candidate selection or civilian coup?, By Dakuku Peterside",0,Premium Times,Silver_Standard_Training_Data
"Chelle picks Osimhen, Lookman for Portugal, Poland friendlies, names seven NPFL stars for Unity Cup",0,Premium Times,Silver_Standard_Training_Data
Court strikes out deceased deputy governor’s suit,0,Premium Times,Silver_Standard_Training_Data
"CJID, EU launch initiative to fight disinformation, strengthen democratic resilience in north-west Nigeria",0,Premium Times,Silver_Standard_Training_Data
Lookman makes LaLiga history as Nigerian stars endure mixed weekend across Europe,0,Premium Times,Silver_Standard_Training_Data
Yobe APC governorship aspirants reject consensus candidate,0,Premium Times,Silver_Standard_Training_Data
APC clears Yahaya Bello for Kogi Central Senate primary,0,Premium Times,Silver_Standard_Training_Data
"Six Akume loyalists lose Benue APC primaries as SGF’s wife, Mark’s daughter secure tickets",0,Premium Times,Silver_Standard_Training_Data
Man killed at Plateau APC primary as rep loses ticket,0,Premium Times,Silver_Standard_Training_Data
2027: Angry ex-senator withdraws from Kebbi APC primaries,0,Premium Times,Silver_Standard_Training_Data
Akwa Ibom doctors set deadline for EFCC amid strike threat,0,Premium Times,Silver_Standard_Training_Data
Nigeria’s beneficial ownership regime at risk as banks allow inactive companies to run accounts,0,Premium Times,Silver_Standard_Training_Data
"One reportedly shot dead in Kano as protesters block highway, burn LG secretariat over bandit attacks",0,Premium Times,Silver_Standard_Training_Data
FG explains delay in budget implementation reports,0,Premium Times,Silver_Standard_Training_Data
Makinde confirms killing of teacher in Oyo school abduction,0,Premium Times,Silver_Standard_Training_Data
"Viral video of abducted Oyo school principal raises questions over captives’ location, rescue operation",0,Premium Times,Silver_Standard_Training_Data
"Only Desmond Elliott refused to step down for me, says Lagos assembly seat aspirant",0,Premium Times,Silver_Standard_Training_Data
"Sterling Bank, Coronation Insurance, Africa Prudential top stock pick this week",0,Premium Times,Silver_Standard_Training_Data
Insecurity: Senate urges governors to embrace safe-school initiative to secure students,0,Premium Times,Silver_Standard_Training_Data
EDITORIAL: Stopping rampant Police killings!,0,Premium Times,Silver_Standard_Training_Data
African Championships: Team Nigeria finishes strong with women’s 4x400m gold,0,Premium Times,Silver_Standard_Training_Data
"2027: Ex-Reps deputy speaker withdraws from senatorial race, gives reason",0,Premium Times,Silver_Standard_Training_Data
Nigeria claims 29 medals as African Weightlifting Championships end,0,Premium Times,Silver_Standard_Training_Data
"2027: Makinde-backed PDP to screen 3,181 aspirants Tuesday",0,Premium Times,Silver_Standard_Training_Data
"Saudi Arabia confirms start of Dhul-Hijjah 1447, Eid al-Adha set for May 27",0,Premium Times,Silver_Standard_Training_Data
EXCLUSIVE: Boko Haram convict bagged degree during life sentence for church bombing – Court document,0,Premium Times,Silver_Standard_Training_Data
Ademola Adeleke revives Safe School Initiative after Oyo school abduction,0,Premium Times,Silver_Standard_Training_Data
﻿Dispenser water supply remains uneven across Nigerian cities as demand persists,0,Premium Times,Silver_Standard_Training_Data
"Desmond Elliott alleges intimidation, withdrawal of security aides ahead of Surulere APC primaries",0,Premium Times,Silver_Standard_Training_Data
Our Digital Network,0,Premium Times,Silver_Standard_Training_Data
Projects & Partnerships,0,Premium Times,Silver_Standard_Training_Data
Retrieve your password,0,Premium Times,Silver_Standard_Training_Data
Add New Playlist,0,Premium Times,Silver_Standard_Training_Data
SPECIAL REPORT: Nigeria’s maritime university upgrade stalls as billions flow into repealed academy,0,Premium Times,Silver_Standard_Training_Data
Resource Curse? The only school in this Akwa Ibom oil community lies in ruins,0,Premium Times,Silver_Standard_Training_Data
EXCLUSIVE: Why Tinubu fired Wale Edun as finance minister,0,Premium Times,Silver_Standard_Training_Data
Fiscal Breach Uncovered: How Imo under Uzodinma spent N101.5 billion in unapproved funds,0,Premium Times,Silver_Standard_Training_Data
Oil-well Dispute: Inside the report that restores Cross River’s hope,0,Premium Times,Silver_Standard_Training_Data
Modern Slavery: Inside Nigerian communities where children are sold into marriage (II),0,Premium Times,Silver_Standard_Training_Data
INVESTIGATION: Inside Nigerian communities where children are forced into marriage (1),0,Premium Times,Silver_Standard_Training_Data
"INVESTIGATION: The illegal timber trade fuelling terrorism in North-central Nigeria, Benin",0,Premium Times,Silver_Standard_Training_Data
SPECIAL REPORT: How families coped with 10-year closure of 23 schools in Oyo,0,Premium Times,Silver_Standard_Training_Data
"Inside the informant networks undermining Nigeria’s anti-banditry campaign, By Samuel Aruwan",0,Premium Times,Silver_Standard_Training_Data
"Content monetisation: The internet is rewarding harm, and women are paying the price, By Chioma Agwuegbo",0,Premium Times,Silver_Standard_Training_Data
"South Africa doesn’t have a leadership crisis: It has a humanity crisis, By Nqobile Pamela Xaba",0,Premium Times,Silver_Standard_Training_Data
"Eid and the epidemic of empty pockets, By Reuben Abati",0,Premium Times,Silver_Standard_Training_Data
"NDC as the new frontier of opposition, By Majeed Dahiru",0,Premium Times,Silver_Standard_Training_Data
"Candidate selection or civilian coup?, By Dakuku Peterside",0,Premium Times,Silver_Standard_Training_Data
SPECIAL REPORT: Nigeria’s maritime university upgrade stalls as billions flow into repealed academy,0,Premium Times,Silver_Standard_Training_Data
Resource Curse? The only school in this Akwa Ibom oil community lies in ruins,0,Premium Times,Silver_Standard_Training_Data
EXCLUSIVE: Why Tinubu fired Wale Edun as finance minister,0,Premium Times,Silver_Standard_Training_Data
Fiscal Breach Uncovered: How Imo under Uzodinma spent N101.5 billion in unapproved funds,0,Premium Times,Silver_Standard_Training_Data
Oil-well Dispute: Inside the report that restores Cross River’s hope,0,Premium Times,Silver_Standard_Training_Data
Modern Slavery: Inside Nigerian communities where children are sold into marriage (II),0,Premium Times,Silver_Standard_Training_Data
INVESTIGATION: Inside Nigerian communities where children are forced into marriage (1),0,Premium Times,Silver_Standard_Training_Data
"INVESTIGATION: The illegal timber trade fuelling terrorism in North-central Nigeria, Benin",0,Premium Times,Silver_Standard_Training_Data
SPECIAL REPORT: How families coped with 10-year closure of 23 schools in Oyo,0,Premium Times,Silver_Standard_Training_Data
"Inside the informant networks undermining Nigeria’s anti-banditry campaign, By Samuel Aruwan",0,Premium Times,Silver_Standard_Training_Data
"Content monetisation: The internet is rewarding harm, and women are paying the price, By Chioma Agwuegbo",0,Premium Times,Silver_Standard_Training_Data
"South Africa doesn’t have a leadership crisis: It has a humanity crisis, By Nqobile Pamela Xaba",0,Premium Times,Silver_Standard_Training_Data
"Eid and the epidemic of empty pockets, By Reuben Abati",0,Premium Times,Silver_Standard_Training_Data
"NDC as the new frontier of opposition, By Majeed Dahiru",0,Premium Times,Silver_Standard_Training_Data
"Candidate selection or civilian coup?, By Dakuku Peterside",0,Premium Times,Silver_Standard_Training_Data
"Chelle picks Osimhen, Lookman for Portugal, Poland friendlies, names seven NPFL stars for Unity Cup",0,Premium Times,Silver_Standard_Training_Data
Court strikes out deceased deputy governor’s suit,0,Premium Times,Silver_Standard_Training_Data
"CJID, EU launch initiative to fight disinformation, strengthen democratic resilience in north-west Nigeria",0,Premium Times,Silver_Standard_Training_Data
Primaries: APC panel declares Reps spokesperson’s election inconclusive,0,Premium Times,Silver_Standard_Training_Data
"Taraba APC, aspirant disagree over House of Reps primaries",0,Premium Times,Silver_Standard_Training_Data
Boko Haram convict Kabiru Sokoto appeals 2013 life sentence for Catholic church bombing near Abuja,0,Premium Times,Silver_Standard_Training_Data
CPPE cautions CBN against monetary tightening ahead of the MPC meeting,0,Premium Times,Silver_Standard_Training_Data
"Borno APC Reps Primaries: Winners emerge in nine constituencies, Askira-Uba/Hawul inconclusive",0,Premium Times,Silver_Standard_Training_Data
"Protesters block Kano-Katsina highway over bandit attacks, killings",0,Premium Times,Silver_Standard_Training_Data
"Terrorists attack military training school in Yobe, kill army, police officers- Official",0,Premium Times,Silver_Standard_Training_Data
2027: House of Reps deputy speaker wins APC ticket for third term bid,0,Premium Times,Silver_Standard_Training_Data
Police detain officer over suspects’ escape from detention,0,Premium Times,Silver_Standard_Training_Data
‘Patients are dying’: Hospital CMD begs striking doctors to return to work after EFCC raid,0,Premium Times,Silver_Standard_Training_Data
"Appeal Court upholds order stopping EFCC from probing, prosecuting ex-governor Odili",0,Premium Times,Silver_Standard_Training_Data
"Wike allies, assembly speaker win Rivers APC House of Reps tickets",0,Premium Times,Silver_Standard_Training_Data
"2027: Disqualified Akwa Ibom APC aspirants claim Akpabio, Eno hand-picked candidates",0,Premium Times,Silver_Standard_Training_Data
Host communities ask Tinubu to reverse gas flare penalty order,0,Premium Times,Silver_Standard_Training_Data
Kwara APC governorship aspirants boycott AbdulRazaq’s consensus meeting,0,Premium Times,Silver_Standard_Training_Data
2027: Four APC Reps from Jigawa will not return,0,Premium Times,Silver_Standard_Training_Data
"The Sunday Stew: From Abuja to the world: The insecurity triad and rise of the independent African scholar, By Max Amuchie",0,Premium Times,Silver_Standard_Training_Data
DHQ gives different explanation from Presidency on controversy over ISIS leader’s killing,0,Premium Times,Silver_Standard_Training_Data
SERAP asks INEC to probe alleged diversion of FAAC’s N800 billion for campaign,0,Premium Times,Silver_Standard_Training_Data
"APC Primaries: Sokoto picks 10 by consensus, conducts poll in one constituency",0,Premium Times,Silver_Standard_Training_Data
WAFCON 2026: Super Falcons finally secure Senegal friendlies after preparation chaos,0,Premium Times,Silver_Standard_Training_Data
APC Primaries: Former head of state’s son wins Reps ticket,0,Premium Times,Silver_Standard_Training_Data
NPFL Golden Glove race goes to final day,0,Premium Times,Silver_Standard_Training_Data
"Kaduna APC Primaries: Reps Speaker Abbas, ex-lawmaker Suleiman among winners",0,Premium Times,Silver_Standard_Training_Data
"EXCLUSIVE: List of kidnapped children emerges, as parents detail horror of Borno attack",0,Premium Times,Silver_Standard_Training_Data
Our Digital Network,0,Premium Times,Silver_Standard_Training_Data
Projects & Partnerships,0,Premium Times,Silver_Standard_Training_Data
Retrieve your password,0,Premium Times,Silver_Standard_Training_Data
Add New Playlist,0,Premium Times,Silver_Standard_Training_Data
SPECIAL REPORT: Nigeria’s maritime university upgrade stalls as billions flow into repealed academy,0,Premium Times,Silver_Standard_Training_Data
Resource Curse? The only school in this Akwa Ibom oil community lies in ruins,0,Premium Times,Silver_Standard_Training_Data
EXCLUSIVE: Why Tinubu fired Wale Edun as finance minister,0,Premium Times,Silver_Standard_Training_Data
Fiscal Breach Uncovered: How Imo under Uzodinma spent N101.5 billion in unapproved funds,0,Premium Times,Silver_Standard_Training_Data
Oil-well Dispute: Inside the report that restores Cross River’s hope,0,Premium Times,Silver_Standard_Training_Data
Modern Slavery: Inside Nigerian communities where children are sold into marriage (II),0,Premium Times,Silver_Standard_Training_Data
INVESTIGATION: Inside Nigerian communities where children are forced into marriage (1),0,Premium Times,Silver_Standard_Training_Data
"INVESTIGATION: The illegal timber trade fuelling terrorism in North-central Nigeria, Benin",0,Premium Times,Silver_Standard_Training_Data
SPECIAL REPORT: How families coped with 10-year closure of 23 schools in Oyo,0,Premium Times,Silver_Standard_Training_Data
"Inside the informant networks undermining Nigeria’s anti-banditry campaign, By Samuel Aruwan",0,Premium Times,Silver_Standard_Training_Data
"Content monetisation: The internet is rewarding harm, and women are paying the price, By Chioma Agwuegbo",0,Premium Times,Silver_Standard_Training_Data
"South Africa doesn’t have a leadership crisis: It has a humanity crisis, By Nqobile Pamela Xaba",0,Premium Times,Silver_Standard_Training_Data
"Eid and the epidemic of empty pockets, By Reuben Abati",0,Premium Times,Silver_Standard_Training_Data
"NDC as the new frontier of opposition, By Majeed Dahiru",0,Premium Times,Silver_Standard_Training_Data
"Candidate selection or civilian coup?, By Dakuku Peterside",0,Premium Times,Silver_Standard_Training_Data
SPECIAL REPORT: Nigeria’s maritime university upgrade stalls as billions flow into repealed academy,0,Premium Times,Silver_Standard_Training_Data
Resource Curse? The only school in this Akwa Ibom oil community lies in ruins,0,Premium Times,Silver_Standard_Training_Data
EXCLUSIVE: Why Tinubu fired Wale Edun as finance minister,0,Premium Times,Silver_Standard_Training_Data
Fiscal Breach Uncovered: How Imo under Uzodinma spent N101.5 billion in unapproved funds,0,Premium Times,Silver_Standard_Training_Data
Oil-well Dispute: Inside the report that restores Cross River’s hope,0,Premium Times,Silver_Standard_Training_Data
Modern Slavery: Inside Nigerian communities where children are sold into marriage (II),0,Premium Times,Silver_Standard_Training_Data
INVESTIGATION: Inside Nigerian communities where children are forced into marriage (1),0,Premium Times,Silver_Standard_Training_Data
"INVESTIGATION: The illegal timber trade fuelling terrorism in North-central Nigeria, Benin",0,Premium Times,Silver_Standard_Training_Data
SPECIAL REPORT: How families coped with 10-year closure of 23 schools in Oyo,0,Premium Times,Silver_Standard_Training_Data
"Inside the informant networks undermining Nigeria’s anti-banditry campaign, By Samuel Aruwan",0,Premium Times,Silver_Standard_Training_Data
"Content monetisation: The internet is rewarding harm, and women are paying the price, By Chioma Agwuegbo",0,Premium Times,Silver_Standard_Training_Data
"South Africa doesn’t have a leadership crisis: It has a humanity crisis, By Nqobile Pamela Xaba",0,Premium Times,Silver_Standard_Training_Data
"Eid and the epidemic of empty pockets, By Reuben Abati",0,Premium Times,Silver_Standard_Training_Data
"NDC as the new frontier of opposition, By Majeed Dahiru",0,Premium Times,Silver_Standard_Training_Data
"Candidate selection or civilian coup?, By Dakuku Peterside",0,Premium Times,Silver_Standard_Training_Data
"Chelle picks Osimhen, Lookman for Portugal, Poland friendlies, names seven NPFL stars for Unity Cup",0,Premium Times,Silver_Standard_Training_Data
Court strikes out deceased deputy governor’s suit,0,Premium Times,Silver_Standard_Training_Data
"CJID, EU launch initiative to fight disinformation, strengthen democratic resilience in north-west Nigeria",0,Premium Times,Silver_Standard_Training_Data
Ex-Chief of Air Staff Saddique Abubakar quits active politics,0,Premium Times,Silver_Standard_Training_Data
"Ogazi, Adisa set new Nigerian records at US SEC Championships",0,Premium Times,Silver_Standard_Training_Data
Lagos speaker Obasa wins APC ticket for Reps seat,0,Premium Times,Silver_Standard_Training_Data
"FG considers radio station for adult, non-formal education",0,Premium Times,Silver_Standard_Training_Data
INTERVIEW: Olympic City project can redefine sports infrastructure in Nigeria — Omowunmi Olalere,0,Premium Times,Silver_Standard_Training_Data
"Violence, irregularities characterise APC Reps primaries in Lagos",0,Premium Times,Silver_Standard_Training_Data
"Hunters, security operatives surround gunmen who kidnapped students, teachers in Oyo – Official",0,Premium Times,Silver_Standard_Training_Data
"Yusuf Buhari wins APC Reps primary, opponent alleges irregularity",0,Premium Times,Silver_Standard_Training_Data
"Don’t contest for president in 2027, Anglican Primate advises Jonathan",0,Premium Times,Silver_Standard_Training_Data
Tinubu hails Airbus plan for aircraft maintenance hub in Nigeria,0,Premium Times,Silver_Standard_Training_Data
What we know about how Islamic State leader Mainok was killed in Nigeria,0,Premium Times,Silver_Standard_Training_Data
2027: Constituents oppose lawmaker’s fourth term bid,0,Premium Times,Silver_Standard_Training_Data
"Jonathan advocates prayers for Nigerian leaders, urges citizens to work collectively for peace",0,Premium Times,Silver_Standard_Training_Data
Reps deputy speaker reacts to report linking him to Abia e-learning facility project,0,Premium Times,Silver_Standard_Training_Data
"Lagos security Fund donates vehicles, protective gear to police in Lagos",0,Premium Times,Silver_Standard_Training_Data
Appeal Court upholds conviction of ex-NDDC MD’s aide for non-disclosure of assets,0,Premium Times,Silver_Standard_Training_Data
"Speaker Abbas, Deputy Kalu win APC primaries unopposed",0,Premium Times,Silver_Standard_Training_Data
Nigeria police mourn 17 officers killed in terrorist attack on army school,0,Premium Times,Silver_Standard_Training_Data
"850-bed UCTH overstretched, serves over 5m patients -CMD",0,Premium Times,Silver_Standard_Training_Data
UCH resident doctors declare warning strike over assault,0,Premium Times,Silver_Standard_Training_Data
Islamic State leader Al-Muniki was not killed in 2024 but killed today – Presidency,0,Premium Times,Silver_Standard_Training_Data
"UPDATED: Falana faults Tinubu, Trump over reported killing of ISIS leader in Nigeria",0,Premium Times,Silver_Standard_Training_Data
APC rep aspirant withdraws from race amid controversy over age,0,Premium Times,Silver_Standard_Training_Data
Guardiola makes history as Manchester City lift FA Cup,0,Premium Times,Silver_Standard_Training_Data
Reps spokesperson wins APC primary election,0,Premium Times,Silver_Standard_Training_Data
Our Digital Network,0,Premium Times,Silver_Standard_Training_Data
Projects & Partnerships,0,Premium Times,Silver_Standard_Training_Data
Retrieve your password,0,Premium Times,Silver_Standard_Training_Data
Add New Playlist,0,Premium Times,Silver_Standard_Training_Data
SPECIAL REPORT: Nigeria’s maritime university upgrade stalls as billions flow into repealed academy,0,Premium Times,Silver_Standard_Training_Data
Resource Curse? The only school in this Akwa Ibom oil community lies in ruins,0,Premium Times,Silver_Standard_Training_Data
EXCLUSIVE: Why Tinubu fired Wale Edun as finance minister,0,Premium Times,Silver_Standard_Training_Data
Fiscal Breach Uncovered: How Imo under Uzodinma spent N101.5 billion in unapproved funds,0,Premium Times,Silver_Standard_Training_Data
Oil-well Dispute: Inside the report that restores Cross River’s hope,0,Premium Times,Silver_Standard_Training_Data
Modern Slavery: Inside Nigerian communities where children are sold into marriage (II),0,Premium Times,Silver_Standard_Training_Data
INVESTIGATION: Inside Nigerian communities where children are forced into marriage (1),0,Premium Times,Silver_Standard_Training_Data
"INVESTIGATION: The illegal timber trade fuelling terrorism in North-central Nigeria, Benin",0,Premium Times,Silver_Standard_Training_Data
SPECIAL REPORT: How families coped with 10-year closure of 23 schools in Oyo,0,Premium Times,Silver_Standard_Training_Data
"Inside the informant networks undermining Nigeria’s anti-banditry campaign, By Samuel Aruwan",0,Premium Times,Silver_Standard_Training_Data
"Content monetisation: The internet is rewarding harm, and women are paying the price, By Chioma Agwuegbo",0,Premium Times,Silver_Standard_Training_Data
"South Africa doesn’t have a leadership crisis: It has a humanity crisis, By Nqobile Pamela Xaba",0,Premium Times,Silver_Standard_Training_Data
"Eid and the epidemic of empty pockets, By Reuben Abati",0,Premium Times,Silver_Standard_Training_Data
"NDC as the new frontier of opposition, By Majeed Dahiru",0,Premium Times,Silver_Standard_Training_Data
"Candidate selection or civilian coup?, By Dakuku Peterside",0,Premium Times,Silver_Standard_Training_Data
SPECIAL REPORT: Nigeria’s maritime university upgrade stalls as billions flow into repealed academy,0,Premium Times,Silver_Standard_Training_Data
Resource Curse? The only school in this Akwa Ibom oil community lies in ruins,0,Premium Times,Silver_Standard_Training_Data
EXCLUSIVE: Why Tinubu fired Wale Edun as finance minister,0,Premium Times,Silver_Standard_Training_Data
Fiscal Breach Uncovered: How Imo under Uzodinma spent N101.5 billion in unapproved funds,0,Premium Times,Silver_Standard_Training_Data
Oil-well Dispute: Inside the report that restores Cross River’s hope,0,Premium Times,Silver_Standard_Training_Data
Modern Slavery: Inside Nigerian communities where children are sold into marriage (II),0,Premium Times,Silver_Standard_Training_Data
INVESTIGATION: Inside Nigerian communities where children are forced into marriage (1),0,Premium Times,Silver_Standard_Training_Data
"INVESTIGATION: The illegal timber trade fuelling terrorism in North-central Nigeria, Benin",0,Premium Times,Silver_Standard_Training_Data
SPECIAL REPORT: How families coped with 10-year closure of 23 schools in Oyo,0,Premium Times,Silver_Standard_Training_Data
"Inside the informant networks undermining Nigeria’s anti-banditry campaign, By Samuel Aruwan",0,Premium Times,Silver_Standard_Training_Data
"Content monetisation: The internet is rewarding harm, and women are paying the price, By Chioma Agwuegbo",0,Premium Times,Silver_Standard_Training_Data
"South Africa doesn’t have a leadership crisis: It has a humanity crisis, By Nqobile Pamela Xaba",0,Premium Times,Silver_Standard_Training_Data
"Eid and the epidemic of empty pockets, By Reuben Abati",0,Premium Times,Silver_Standard_Training_Data
"NDC as the new frontier of opposition, By Majeed Dahiru",0,Premium Times,Silver_Standard_Training_Data
"Candidate selection or civilian coup?, By Dakuku Peterside",0,Premium Times,Silver_Standard_Training_Data
"Chelle picks Osimhen, Lookman for Portugal, Poland friendlies, names seven NPFL stars for Unity Cup",0,Premium Times,Silver_Standard_Training_Data
Court strikes out deceased deputy governor’s suit,0,Premium Times,Silver_Standard_Training_Data
"CJID, EU launch initiative to fight disinformation, strengthen democratic resilience in north-west Nigeria",0,Premium Times,Silver_Standard_Training_Data
Diamond League: Amusan opens campaign with impressive third-place finish in Shanghai,0,Premium Times,Silver_Standard_Training_Data
Dangote files fresh lawsuit against Nigerian govt over fuel import licences,0,Premium Times,Silver_Standard_Training_Data
"ADC postpones screening of presidential, governorship aspirants",0,Premium Times,Silver_Standard_Training_Data
"APC disqualifies Fubara’s loyalists, others from Reps primaries",0,Premium Times,Silver_Standard_Training_Data
Iheanacho wins Scottish Premiership after Celtic’s late comeback heroics,0,Premium Times,Silver_Standard_Training_Data
Supreme Court clears ex-GOC Otiki six years after dismissal over missing military funds,0,Premium Times,Silver_Standard_Training_Data
"PT Health Watch: Poor awareness, low screening, driving high cervical cancer burden in Nigeria – Expert",0,Premium Times,Silver_Standard_Training_Data
"How Nigerian soldiers, US troops killed Islamic State commander in joint operation",0,Premium Times,Silver_Standard_Training_Data
"How NDC may leverage APC, PDP tensions to gain ground in Plateau",0,Premium Times,Silver_Standard_Training_Data
APC reschedules National Assembly primaries in Zamfara,0,Premium Times,Silver_Standard_Training_Data
Celtic vs Hearts: Iheanacho focuses on Premiership title before contract talks,0,Premium Times,Silver_Standard_Training_Data
Taraba 2027: Governor Kefas meets APC aspirant Kente as Nyame denies endorsement claims,0,Premium Times,Silver_Standard_Training_Data
PenCom grants one-off approval for PFAs to invest pension funds in Dangote Petroleum Refinery,0,Premium Times,Silver_Standard_Training_Data
"El-Rufai’s family accuses ICPC of denying him food, medical access",0,Premium Times,Silver_Standard_Training_Data
"NPFL 2025/2026: Rangers, Rivers United head into winner takes all final day showdown",0,Premium Times,Silver_Standard_Training_Data
"FG welcomes S&P upgrade, says it reflects growing confidence in Nigeria’s economic reforms",0,Premium Times,Silver_Standard_Training_Data
Tinubu confirms joint operation with US killed ISIS commander in Nigeria,0,Premium Times,Silver_Standard_Training_Data
Trump says US partners with Nigeria to kill Islamic State top commander,0,Premium Times,Silver_Standard_Training_Data
"Ekiti Poll: Kukah Centre, INEC, EFCC, other security agencies meet",0,Premium Times,Silver_Standard_Training_Data
"S&P upgrades Nigeria’s credit rating, FG reacts",0,Premium Times,Silver_Standard_Training_Data
Resource Curse? The only school in this Akwa Ibom oil community lies in ruins,0,Premium Times,Silver_Standard_Training_Data
"EFCC arraigns bank’s managing director for N19 million, $30,000 frauds",0,Premium Times,Silver_Standard_Training_Data
Tinubu arrives Lagos after three-nation visit,0,Premium Times,Silver_Standard_Training_Data
NEMA website hacked,0,Premium Times,Silver_Standard_Training_Data
"Nigeria’s Anglican leader preaches hope amid severe economic hardship, insecurity",0,Premium Times,Silver_Standard_Training_Data
Our Digital Network,0,Premium Times,Silver_Standard_Training_Data
Projects & Partnerships,0,Premium Times,Silver_Standard_Training_Data
Retrieve your password,0,Premium Times,Silver_Standard_Training_Data
Add New Playlist,0,Premium Times,Silver_Standard_Training_Data
SPECIAL REPORT: Nigeria’s maritime university upgrade stalls as billions flow into repealed academy,0,Premium Times,Silver_Standard_Training_Data
Resource Curse? The only school in this Akwa Ibom oil community lies in ruins,0,Premium Times,Silver_Standard_Training_Data
EXCLUSIVE: Why Tinubu fired Wale Edun as finance minister,0,Premium Times,Silver_Standard_Training_Data
Fiscal Breach Uncovered: How Imo under Uzodinma spent N101.5 billion in unapproved funds,0,Premium Times,Silver_Standard_Training_Data
Oil-well Dispute: Inside the report that restores Cross River’s hope,0,Premium Times,Silver_Standard_Training_Data
Modern Slavery: Inside Nigerian communities where children are sold into marriage (II),0,Premium Times,Silver_Standard_Training_Data
INVESTIGATION: Inside Nigerian communities where children are forced into marriage (1),0,Premium Times,Silver_Standard_Training_Data
"INVESTIGATION: The illegal timber trade fuelling terrorism in North-central Nigeria, Benin",0,Premium Times,Silver_Standard_Training_Data
SPECIAL REPORT: How families coped with 10-year closure of 23 schools in Oyo,0,Premium Times,Silver_Standard_Training_Data
"Inside the informant networks undermining Nigeria’s anti-banditry campaign, By Samuel Aruwan",0,Premium Times,Silver_Standard_Training_Data
"Content monetisation: The internet is rewarding harm, and women are paying the price, By Chioma Agwuegbo",0,Premium Times,Silver_Standard_Training_Data
"South Africa doesn’t have a leadership crisis: It has a humanity crisis, By Nqobile Pamela Xaba",0,Premium Times,Silver_Standard_Training_Data
"Eid and the epidemic of empty pockets, By Reuben Abati",0,Premium Times,Silver_Standard_Training_Data
"NDC as the new frontier of opposition, By Majeed Dahiru",0,Premium Times,Silver_Standard_Training_Data
"Candidate selection or civilian coup?, By Dakuku Peterside",0,Premium Times,Silver_Standard_Training_Data
SPECIAL REPORT: Nigeria’s maritime university upgrade stalls as billions flow into repealed academy,0,Premium Times,Silver_Standard_Training_Data
Resource Curse? The only school in this Akwa Ibom oil community lies in ruins,0,Premium Times,Silver_Standard_Training_Data
EXCLUSIVE: Why Tinubu fired Wale Edun as finance minister,0,Premium Times,Silver_Standard_Training_Data
Fiscal Breach Uncovered: How Imo under Uzodinma spent N101.5 billion in unapproved funds,0,Premium Times,Silver_Standard_Training_Data
Oil-well Dispute: Inside the report that restores Cross River’s hope,0,Premium Times,Silver_Standard_Training_Data
Modern Slavery: Inside Nigerian communities where children are sold into marriage (II),0,Premium Times,Silver_Standard_Training_Data
INVESTIGATION: Inside Nigerian communities where children are forced into marriage (1),0,Premium Times,Silver_Standard_Training_Data
"INVESTIGATION: The illegal timber trade fuelling terrorism in North-central Nigeria, Benin",0,Premium Times,Silver_Standard_Training_Data
SPECIAL REPORT: How families coped with 10-year closure of 23 schools in Oyo,0,Premium Times,Silver_Standard_Training_Data
"Inside the informant networks undermining Nigeria’s anti-banditry campaign, By Samuel Aruwan",0,Premium Times,Silver_Standard_Training_Data
"Content monetisation: The internet is rewarding harm, and women are paying the price, By Chioma Agwuegbo",0,Premium Times,Silver_Standard_Training_Data
"South Africa doesn’t have a leadership crisis: It has a humanity crisis, By Nqobile Pamela Xaba",0,Premium Times,Silver_Standard_Training_Data
"Eid and the epidemic of empty pockets, By Reuben Abati",0,Premium Times,Silver_Standard_Training_Data
"NDC as the new frontier of opposition, By Majeed Dahiru",0,Premium Times,Silver_Standard_Training_Data
"Candidate selection or civilian coup?, By Dakuku Peterside",0,Premium Times,Silver_Standard_Training_Data
"Chelle picks Osimhen, Lookman for Portugal, Poland friendlies, names seven NPFL stars for Unity Cup",0,Premium Times,Silver_Standard_Training_Data
Court strikes out deceased deputy governor’s suit,0,Premium Times,Silver_Standard_Training_Data
"CJID, EU launch initiative to fight disinformation, strengthen democratic resilience in north-west Nigeria",0,Premium Times,Silver_Standard_Training_Data
2027: Atiku’s opponent in ADC outlines plans to reduce poverty if elected,0,Premium Times,Silver_Standard_Training_Data
How I was denied entry into South Africa – BUA Chair,0,Premium Times,Silver_Standard_Training_Data
Niger Delta groups demand audit of abandoned oil wells,0,Premium Times,Silver_Standard_Training_Data
Police arrest suspected kidnapper in Abia,0,Premium Times,Silver_Standard_Training_Data
Jaiz Bank’s annual profit rises 28% on higher revenue,0,Premium Times,Silver_Standard_Training_Data
Sterling Financial Holdings posts 75% jump in annual profit,0,Premium Times,Silver_Standard_Training_Data
Why inmates’ court appearances are often delayed in Anambra – Correctional official,0,Premium Times,Silver_Standard_Training_Data
Anambra HoS warns workers against age falsification,0,Premium Times,Silver_Standard_Training_Data
WHO raises alarm over aggressive marketing of nicotine pouches to youth,0,Premium Times,Silver_Standard_Training_Data
TCN inaugurates 330kV transmission lines in Edo to boost power supply,0,Premium Times,Silver_Standard_Training_Data
"Athletics Championships: Nigeria win relay gold, silver as medal chase continues in Accra",0,Premium Times,Silver_Standard_Training_Data
APGA clears 155 aspirants for Anambra primary elections,0,Premium Times,Silver_Standard_Training_Data
"UNICEF, Imo partner to strengthen maternal, child nutrition",0,Premium Times,Silver_Standard_Training_Data
Abia judiciary workers suspend strike,0,Premium Times,Silver_Standard_Training_Data
Africa CDC confirms 65 deaths from Ebola in DR Congo,0,Premium Times,Silver_Standard_Training_Data
"100 students, teachers hospitalised in Ogun following exposure to chemical odour",0,Premium Times,Silver_Standard_Training_Data
Eno rides roller coaster at N30bn resort project clouded in procurement secrecy,0,Premium Times,Silver_Standard_Training_Data
Nigeria implements 30-day visa exemption for Rwandans,0,Premium Times,Silver_Standard_Training_Data
EFCC orders probe into its controversial teaching hospital operation,0,Premium Times,Silver_Standard_Training_Data
Police in Abuja vow to uphold human rights,0,Premium Times,Silver_Standard_Training_Data
Court jails gunrunner 20 years for terrorism offences,0,Premium Times,Silver_Standard_Training_Data
Oyo Global Forum warns of rising banditry after Oyo school abduction,0,Premium Times,Silver_Standard_Training_Data
"Gunmen abduct pupils, teachers in coordinated attacks on Oyo schools",0,Premium Times,Silver_Standard_Training_Data
Desmond Elliot apologises to Gbajabiamila over Lagos Assembly crisis,0,Premium Times,Silver_Standard_Training_Data
"Nigeria to battle Spain, China at FIFA U-20 Women’s World Cup",0,Premium Times,Silver_Standard_Training_Data
Our Digital Network,0,Premium Times,Silver_Standard_Training_Data
Projects & Partnerships,0,Premium Times,Silver_Standard_Training_Data
Retrieve your password,0,Premium Times,Silver_Standard_Training_Data
Add New Playlist,0,Premium Times,Silver_Standard_Training_Data
SPECIAL REPORT: Nigeria’s maritime university upgrade stalls as billions flow into repealed academy,0,Premium Times,Silver_Standard_Training_Data
Resource Curse? The only school in this Akwa Ibom oil community lies in ruins,0,Premium Times,Silver_Standard_Training_Data
EXCLUSIVE: Why Tinubu fired Wale Edun as finance minister,0,Premium Times,Silver_Standard_Training_Data
Fiscal Breach Uncovered: How Imo under Uzodinma spent N101.5 billion in unapproved funds,0,Premium Times,Silver_Standard_Training_Data
Oil-well Dispute: Inside the report that restores Cross River’s hope,0,Premium Times,Silver_Standard_Training_Data
Modern Slavery: Inside Nigerian communities where children are sold into marriage (II),0,Premium Times,Silver_Standard_Training_Data
INVESTIGATION: Inside Nigerian communities where children are forced into marriage (1),0,Premium Times,Silver_Standard_Training_Data
"INVESTIGATION: The illegal timber trade fuelling terrorism in North-central Nigeria, Benin",0,Premium Times,Silver_Standard_Training_Data
SPECIAL REPORT: How families coped with 10-year closure of 23 schools in Oyo,0,Premium Times,Silver_Standard_Training_Data
"Inside the informant networks undermining Nigeria’s anti-banditry campaign, By Samuel Aruwan",0,Premium Times,Silver_Standard_Training_Data
"Content monetisation: The internet is rewarding harm, and women are paying the price, By Chioma Agwuegbo",0,Premium Times,Silver_Standard_Training_Data
"South Africa doesn’t have a leadership crisis: It has a humanity crisis, By Nqobile Pamela Xaba",0,Premium Times,Silver_Standard_Training_Data
"Eid and the epidemic of empty pockets, By Reuben Abati",0,Premium Times,Silver_Standard_Training_Data
"NDC as the new frontier of opposition, By Majeed Dahiru",0,Premium Times,Silver_Standard_Training_Data
"Candidate selection or civilian coup?, By Dakuku Peterside",0,Premium Times,Silver_Standard_Training_Data
SPECIAL REPORT: Nigeria’s maritime university upgrade stalls as billions flow into repealed academy,0,Premium Times,Silver_Standard_Training_Data
Resource Curse? The only school in this Akwa Ibom oil community lies in ruins,0,Premium Times,Silver_Standard_Training_Data
EXCLUSIVE: Why Tinubu fired Wale Edun as finance minister,0,Premium Times,Silver_Standard_Training_Data
Fiscal Breach Uncovered: How Imo under Uzodinma spent N101.5 billion in unapproved funds,0,Premium Times,Silver_Standard_Training_Data
Oil-well Dispute: Inside the report that restores Cross River’s hope,0,Premium Times,Silver_Standard_Training_Data
Modern Slavery: Inside Nigerian communities where children are sold into marriage (II),0,Premium Times,Silver_Standard_Training_Data
INVESTIGATION: Inside Nigerian communities where children are forced into marriage (1),0,Premium Times,Silver_Standard_Training_Data
"INVESTIGATION: The illegal timber trade fuelling terrorism in North-central Nigeria, Benin",0,Premium Times,Silver_Standard_Training_Data
SPECIAL REPORT: How families coped with 10-year closure of 23 schools in Oyo,0,Premium Times,Silver_Standard_Training_Data
"Inside the informant networks undermining Nigeria’s anti-banditry campaign, By Samuel Aruwan",0,Premium Times,Silver_Standard_Training_Data
"Content monetisation: The internet is rewarding harm, and women are paying the price, By Chioma Agwuegbo",0,Premium Times,Silver_Standard_Training_Data
"South Africa doesn’t have a leadership crisis: It has a humanity crisis, By Nqobile Pamela Xaba",0,Premium Times,Silver_Standard_Training_Data
"Eid and the epidemic of empty pockets, By Reuben Abati",0,Premium Times,Silver_Standard_Training_Data
"NDC as the new frontier of opposition, By Majeed Dahiru",0,Premium Times,Silver_Standard_Training_Data
"Candidate selection or civilian coup?, By Dakuku Peterside",0,Premium Times,Silver_Standard_Training_Data
"Chelle picks Osimhen, Lookman for Portugal, Poland friendlies, names seven NPFL stars for Unity Cup",0,Premium Times,Silver_Standard_Training_Data
Court strikes out deceased deputy governor’s suit,0,Premium Times,Silver_Standard_Training_Data
"CJID, EU launch initiative to fight disinformation, strengthen democratic resilience in north-west Nigeria",0,Premium Times,Silver_Standard_Training_Data
Nigeria’s inflation rises to 15.69% in April as food prices remain elevated — NBS,0,Premium Times,Silver_Standard_Training_Data
UPDATED: Terrorists kidnap students from Borno school,0,Premium Times,Silver_Standard_Training_Data
"Police bust alleged child trafficking ring, recover firearm, suspected stolen car",0,Premium Times,Silver_Standard_Training_Data
"NPFL 2025/2026 Golden Boot Race: Obaje, Mbaoma, Arumala set for explosive final-day shootout drama",0,Premium Times,Silver_Standard_Training_Data
Tambuwal withdraws from Senate reelection bid,0,Premium Times,Silver_Standard_Training_Data
ANALYSIS: Has the Africa Forward Summit repaired France’s relationship with Africa?,1,Premium Times,Silver_Standard_Training_Data
229 polytechnic students to be withdrawn over poor performance,0,Premium Times,Silver_Standard_Training_Data
"NJC suspends two judges, rejects eight others’ appeals, recommends 12 new appeal court justices",0,Premium Times,Silver_Standard_Training_Data
ECOWAS Parliament adopts resolution banishing children from streets,0,Premium Times,Silver_Standard_Training_Data
Why China now dominates Africa’s business landscape – Dangote,0,Premium Times,Silver_Standard_Training_Data
Energy commission boss Mustapha resumes duties amid EFCC’s alleged N500bn fraud probe,0,Premium Times,Silver_Standard_Training_Data
"Kebbi Hisbah arrests married woman, five others in hotel raid, amid morality policing concerns",0,Premium Times,Silver_Standard_Training_Data
Nigeria’s crude oil output rises to 1.66 million bpd in April,0,Premium Times,Silver_Standard_Training_Data
“It is better I remain a fan” — Dangote explains why $20bn refinery stopped Arsenal takeover dream,0,Premium Times,Silver_Standard_Training_Data
"Nigerian police dismiss officers for kidnapping, extortion, robbery",0,Premium Times,Silver_Standard_Training_Data
Nigerian police extradite romance scam suspect to US,0,Premium Times,Silver_Standard_Training_Data
How oil mafia fought hard to stop my refinery — Aliko Dangote,0,Premium Times,Silver_Standard_Training_Data
"Dangote targets $100bn revenue with fresh $45bn refinery, LNG expansion plan",0,Premium Times,Silver_Standard_Training_Data
"Dangote rejects NNPC’s bid for bigger refinery stake, pushes for wider ownership",0,Premium Times,Silver_Standard_Training_Data
"Segun Osoba, renowned Marxist historian and activist, dies at 92",0,Premium Times,Silver_Standard_Training_Data
"Wike says Makinde’s presidential ambition dead on arrival, PDP-APM alliance is false",0,Premium Times,Silver_Standard_Training_Data
"2027: Tinubu calls for unity, as APC begins nationwide primaries on Saturday",0,Premium Times,Silver_Standard_Training_Data
UPDATED: I almost lost my job as Tinubu’s Chief of Staff – Gbajabiamila,0,Premium Times,Silver_Standard_Training_Data
Emefiele’s Trial: How CBN debited N124.86bn from CRA without National Assembly’s approval – Witness,0,Premium Times,Silver_Standard_Training_Data
APC shifts Reps primary election,0,Premium Times,Silver_Standard_Training_Data
Our Digital Network,0,Premium Times,Silver_Standard_Training_Data
Projects & Partnerships,0,Premium Times,Silver_Standard_Training_Data
Retrieve your password,0,Premium Times,Silver_Standard_Training_Data
Add New Playlist,0,Premium Times,Silver_Standard_Training_Data
SPECIAL REPORT: Nigeria’s maritime university upgrade stalls as billions flow into repealed academy,0,Premium Times,Silver_Standard_Training_Data
Resource Curse? The only school in this Akwa Ibom oil community lies in ruins,0,Premium Times,Silver_Standard_Training_Data
EXCLUSIVE: Why Tinubu fired Wale Edun as finance minister,0,Premium Times,Silver_Standard_Training_Data
Fiscal Breach Uncovered: How Imo under Uzodinma spent N101.5 billion in unapproved funds,0,Premium Times,Silver_Standard_Training_Data
Oil-well Dispute: Inside the report that restores Cross River’s hope,0,Premium Times,Silver_Standard_Training_Data
Modern Slavery: Inside Nigerian communities where children are sold into marriage (II),0,Premium Times,Silver_Standard_Training_Data
INVESTIGATION: Inside Nigerian communities where children are forced into marriage (1),0,Premium Times,Silver_Standard_Training_Data
"INVESTIGATION: The illegal timber trade fuelling terrorism in North-central Nigeria, Benin",0,Premium Times,Silver_Standard_Training_Data
SPECIAL REPORT: How families coped with 10-year closure of 23 schools in Oyo,0,Premium Times,Silver_Standard_Training_Data
"Inside the informant networks undermining Nigeria’s anti-banditry campaign, By Samuel Aruwan",0,Premium Times,Silver_Standard_Training_Data
"Content monetisation: The internet is rewarding harm, and women are paying the price, By Chioma Agwuegbo",0,Premium Times,Silver_Standard_Training_Data
"South Africa doesn’t have a leadership crisis: It has a humanity crisis, By Nqobile Pamela Xaba",0,Premium Times,Silver_Standard_Training_Data
"Eid and the epidemic of empty pockets, By Reuben Abati",0,Premium Times,Silver_Standard_Training_Data
"NDC as the new frontier of opposition, By Majeed Dahiru",0,Premium Times,Silver_Standard_Training_Data
"Candidate selection or civilian coup?, By Dakuku Peterside",0,Premium Times,Silver_Standard_Training_Data
SPECIAL REPORT: Nigeria’s maritime university upgrade stalls as billions flow into repealed academy,0,Premium Times,Silver_Standard_Training_Data
Resource Curse? The only school in this Akwa Ibom oil community lies in ruins,0,Premium Times,Silver_Standard_Training_Data
EXCLUSIVE: Why Tinubu fired Wale Edun as finance minister,0,Premium Times,Silver_Standard_Training_Data
Fiscal Breach Uncovered: How Imo under Uzodinma spent N101.5 billion in unapproved funds,0,Premium Times,Silver_Standard_Training_Data
Oil-well Dispute: Inside the report that restores Cross River’s hope,0,Premium Times,Silver_Standard_Training_Data
Modern Slavery: Inside Nigerian communities where children are sold into marriage (II),0,Premium Times,Silver_Standard_Training_Data
INVESTIGATION: Inside Nigerian communities where children are forced into marriage (1),0,Premium Times,Silver_Standard_Training_Data
"INVESTIGATION: The illegal timber trade fuelling terrorism in North-central Nigeria, Benin",0,Premium Times,Silver_Standard_Training_Data
SPECIAL REPORT: How families coped with 10-year closure of 23 schools in Oyo,0,Premium Times,Silver_Standard_Training_Data
"Inside the informant networks undermining Nigeria’s anti-banditry campaign, By Samuel Aruwan",0,Premium Times,Silver_Standard_Training_Data
"Content monetisation: The internet is rewarding harm, and women are paying the price, By Chioma Agwuegbo",0,Premium Times,Silver_Standard_Training_Data
"South Africa doesn’t have a leadership crisis: It has a humanity crisis, By Nqobile Pamela Xaba",0,Premium Times,Silver_Standard_Training_Data
"Eid and the epidemic of empty pockets, By Reuben Abati",0,Premium Times,Silver_Standard_Training_Data
"NDC as the new frontier of opposition, By Majeed Dahiru",0,Premium Times,Silver_Standard_Training_Data
"Candidate selection or civilian coup?, By Dakuku Peterside",0,Premium Times,Silver_Standard_Training_Data
"Chelle picks Osimhen, Lookman for Portugal, Poland friendlies, names seven NPFL stars for Unity Cup",0,Premium Times,Silver_Standard_Training_Data
Court strikes out deceased deputy governor’s suit,0,Premium Times,Silver_Standard_Training_Data
"CJID, EU launch initiative to fight disinformation, strengthen democratic resilience in north-west Nigeria",0,Premium Times,Silver_Standard_Training_Data
"FG eyes AI-powered intelligence system to tackle terrorism, piracy, illegal mining",0,Premium Times,Silver_Standard_Training_Data
Air Peace announces another disruption on Lagos-London Gatwick flight,0,Premium Times,Silver_Standard_Training_Data
"Atiku, Amaechi submit ADC presidential nomination forms",0,Premium Times,Silver_Standard_Training_Data
"Federal govt launches initiative to tackle child identity, healthcare gaps",0,Premium Times,Silver_Standard_Training_Data
"NDIC sues Wema Bank over N125bn Banana Island properties, N401m disputed payment",0,Premium Times,Silver_Standard_Training_Data
APM Terminals President pledges fresh $600mn investment in Nigeria,0,Premium Times,Silver_Standard_Training_Data
"Nigeria seeks investments in power, mining as reforms gain traction – Oyedele",0,Premium Times,Silver_Standard_Training_Data
"Court convicts businessman of $247,390 fraud in Lagos",0,Premium Times,Silver_Standard_Training_Data
"Niger moves to formalise zoning, proposes cap for elective offices",0,Premium Times,Silver_Standard_Training_Data
Expert urges regular BP checks as hypertension rises among young Nigerians,0,Premium Times,Silver_Standard_Training_Data
UK health secretary quits as Starmer faces growing crisis,0,Premium Times,Silver_Standard_Training_Data
Hajj 2026: Adamawa pilgrims stranded in Makka,0,Premium Times,Silver_Standard_Training_Data
Court sends Abuja pastor back to prison after re-arraignment for alleged child rape,0,Premium Times,Silver_Standard_Training_Data
Iran opens Strait of Hormuz to Chinese ships,0,Premium Times,Silver_Standard_Training_Data
"Report links rising malnutrition, maternal health crisis to weak healthcare access in Nigeria",0,Premium Times,Silver_Standard_Training_Data
Five steps to take when you discover your phone is missing,0,Premium Times,Silver_Standard_Training_Data
"Police arrest suspected robbery gang member, recover pistol, charms",0,Premium Times,Silver_Standard_Training_Data
Lassa fever deaths rise to 191 as late treatment worsens outbreak — NCDC,0,Premium Times,Silver_Standard_Training_Data
UPDATED: Makinde Declares 2027 Presidential Bid Under APM,0,Premium Times,Silver_Standard_Training_Data
Court remands mechanic for allegedly raping JSS 3 student,0,Premium Times,Silver_Standard_Training_Data
Nursing mothers arraigned for alleged assault,0,Premium Times,Silver_Standard_Training_Data
"2027: Abia APC governorship aspirant pledges industrialisation, job creation",0,Premium Times,Silver_Standard_Training_Data
UNIBEN unveils N100bn trust fund for infrastructure development,0,Premium Times,Silver_Standard_Training_Data
"HIV positive father remanded for allegedly raping, infecting daughter",0,Premium Times,Silver_Standard_Training_Data
"China and US should be partners, not rivals — Xi Jinping tells Trump",0,Premium Times,Silver_Standard_Training_Data
Our Digital Network,0,Premium Times,Silver_Standard_Training_Data
Projects & Partnerships,0,Premium Times,Silver_Standard_Training_Data
Retrieve your password,0,Premium Times,Silver_Standard_Training_Data
Add New Playlist,0,Premium Times,Silver_Standard_Training_Data
SPECIAL REPORT: Nigeria’s maritime university upgrade stalls as billions flow into repealed academy,0,Premium Times,Silver_Standard_Training_Data
Resource Curse? The only school in this Akwa Ibom oil community lies in ruins,0,Premium Times,Silver_Standard_Training_Data
EXCLUSIVE: Why Tinubu fired Wale Edun as finance minister,0,Premium Times,Silver_Standard_Training_Data
Fiscal Breach Uncovered: How Imo under Uzodinma spent N101.5 billion in unapproved funds,0,Premium Times,Silver_Standard_Training_Data
Oil-well Dispute: Inside the report that restores Cross River’s hope,0,Premium Times,Silver_Standard_Training_Data
Modern Slavery: Inside Nigerian communities where children are sold into marriage (II),0,Premium Times,Silver_Standard_Training_Data
INVESTIGATION: Inside Nigerian communities where children are forced into marriage (1),0,Premium Times,Silver_Standard_Training_Data
"INVESTIGATION: The illegal timber trade fuelling terrorism in North-central Nigeria, Benin",0,Premium Times,Silver_Standard_Training_Data
SPECIAL REPORT: How families coped with 10-year closure of 23 schools in Oyo,0,Premium Times,Silver_Standard_Training_Data
"Inside the informant networks undermining Nigeria’s anti-banditry campaign, By Samuel Aruwan",0,Premium Times,Silver_Standard_Training_Data
"Content monetisation: The internet is rewarding harm, and women are paying the price, By Chioma Agwuegbo",0,Premium Times,Silver_Standard_Training_Data
"South Africa doesn’t have a leadership crisis: It has a humanity crisis, By Nqobile Pamela Xaba",0,Premium Times,Silver_Standard_Training_Data
"Eid and the epidemic of empty pockets, By Reuben Abati",0,Premium Times,Silver_Standard_Training_Data
"NDC as the new frontier of opposition, By Majeed Dahiru",0,Premium Times,Silver_Standard_Training_Data
"Candidate selection or civilian coup?, By Dakuku Peterside",0,Premium Times,Silver_Standard_Training_Data
SPECIAL REPORT: Nigeria’s maritime university upgrade stalls as billions flow into repealed academy,0,Premium Times,Silver_Standard_Training_Data
Resource Curse? The only school in this Akwa Ibom oil community lies in ruins,0,Premium Times,Silver_Standard_Training_Data
EXCLUSIVE: Why Tinubu fired Wale Edun as finance minister,0,Premium Times,Silver_Standard_Training_Data
Fiscal Breach Uncovered: How Imo under Uzodinma spent N101.5 billion in unapproved funds,0,Premium Times,Silver_Standard_Training_Data
Oil-well Dispute: Inside the report that restores Cross River’s hope,0,Premium Times,Silver_Standard_Training_Data
Modern Slavery: Inside Nigerian communities where children are sold into marriage (II),0,Premium Times,Silver_Standard_Training_Data
INVESTIGATION: Inside Nigerian communities where children are forced into marriage (1),0,Premium Times,Silver_Standard_Training_Data
"INVESTIGATION: The illegal timber trade fuelling terrorism in North-central Nigeria, Benin",0,Premium Times,Silver_Standard_Training_Data
SPECIAL REPORT: How families coped with 10-year closure of 23 schools in Oyo,0,Premium Times,Silver_Standard_Training_Data
"Inside the informant networks undermining Nigeria’s anti-banditry campaign, By Samuel Aruwan",0,Premium Times,Silver_Standard_Training_Data
"Content monetisation: The internet is rewarding harm, and women are paying the price, By Chioma Agwuegbo",0,Premium Times,Silver_Standard_Training_Data
"South Africa doesn’t have a leadership crisis: It has a humanity crisis, By Nqobile Pamela Xaba",0,Premium Times,Silver_Standard_Training_Data
"Eid and the epidemic of empty pockets, By Reuben Abati",0,Premium Times,Silver_Standard_Training_Data
"NDC as the new frontier of opposition, By Majeed Dahiru",0,Premium Times,Silver_Standard_Training_Data
"Candidate selection or civilian coup?, By Dakuku Peterside",0,Premium Times,Silver_Standard_Training_Data
"Chelle picks Osimhen, Lookman for Portugal, Poland friendlies, names seven NPFL stars for Unity Cup",0,Premium Times,Silver_Standard_Training_Data
Court strikes out deceased deputy governor’s suit,0,Premium Times,Silver_Standard_Training_Data
"CJID, EU launch initiative to fight disinformation, strengthen democratic resilience in north-west Nigeria",0,Premium Times,Silver_Standard_Training_Data
Driver arraigned for alleged rape of 14-year-old girl,0,Premium Times,Silver_Standard_Training_Data
Many injured as gunmen attack Imo communities,0,Premium Times,Silver_Standard_Training_Data
NHRC demands explanations over civilian casualties in recent Nigerian military airstrikes,0,Premium Times,Silver_Standard_Training_Data
Atlanta Dream sign D’Tigress captain Amy Okonkwo after impressive WNBA rise,0,Premium Times,Silver_Standard_Training_Data
"Benue, with Nigeria’s heaviest HIV treatment burden, launches long-acting prevention drug",0,Premium Times,Silver_Standard_Training_Data
"APC aspirants all winners, says AbdulRazaq ahead of Kwara primaries",0,Premium Times,Silver_Standard_Training_Data
"Ex-Senator Abbo, Maku declare gov ambition, purchase N25m Labour Party forms",0,Premium Times,Silver_Standard_Training_Data
"Aspirant rejects APC consensus plan, enters Taraba governorship race",0,Premium Times,Silver_Standard_Training_Data
"Day 2 Review: Nigeria dominates mixed relay, Amusan shines as medal haul grows in Accra",0,Premium Times,Silver_Standard_Training_Data
2027: Malami’s Kebbi governorship bid sparks row with Governor Idris,0,Premium Times,Silver_Standard_Training_Data
"Akor Adams, Iheanacho fire Sevilla, Celtic to dramatic victories",0,Premium Times,Silver_Standard_Training_Data
Gombe APC adopts direct primaries amid internal rift,0,Premium Times,Silver_Standard_Training_Data
Nigerian govt to relaunch free satellite TV next month – Minister,0,Premium Times,Silver_Standard_Training_Data
"UPDATED: UNILORIN Vice Chancellor proposes new security, diplomatic framework for Nigeria’s regional ties",0,Premium Times,Silver_Standard_Training_Data
Nigeria’s petrol imports fall as local refineries raise output — NMDPRA,0,Premium Times,Silver_Standard_Training_Data
N8.7bn Fraud Trial: Bank flagged Malami’s transactions as suspicious – Witness,0,Premium Times,Silver_Standard_Training_Data
Otedola acquires N43.4 billion shares in First HoldCo,0,Premium Times,Silver_Standard_Training_Data
Fubara breaks silence on rumoured resignation from APC,0,Premium Times,Silver_Standard_Training_Data
"2027: APC clears Delta speaker, disqualifies 36 aspirants",0,Premium Times,Silver_Standard_Training_Data
Coalition warns against threats to civic space in aftermath of SSS’ N100m judgement against SERAP,0,Premium Times,Silver_Standard_Training_Data
"2027: Makinde defends choice of successor, says party colour doesn’t matter",0,Premium Times,Silver_Standard_Training_Data
ECOWAS parliamentarians interrogate 6-pillar strategy on regional integration,0,Premium Times,Silver_Standard_Training_Data
"Ogun govt, Daniel trade words over Abiodun’s adoption as APC consensus senatorial candidate",0,Premium Times,Silver_Standard_Training_Data
Anambra releases findings on Soludo aide’s alleged affair with native doctor’s wife,0,Premium Times,Silver_Standard_Training_Data
Delta Festival: Police await legal advice as victims fail to identify suspects,0,Premium Times,Silver_Standard_Training_Data
Our Digital Network,0,Premium Times,Silver_Standard_Training_Data
Projects & Partnerships,0,Premium Times,Silver_Standard_Training_Data
Retrieve your password,0,Premium Times,Silver_Standard_Training_Data
Add New Playlist,0,Premium Times,Silver_Standard_Training_Data
SPECIAL REPORT: Nigeria’s maritime university upgrade stalls as billions flow into repealed academy,0,Premium Times,Silver_Standard_Training_Data
Resource Curse? The only school in this Akwa Ibom oil community lies in ruins,0,Premium Times,Silver_Standard_Training_Data
EXCLUSIVE: Why Tinubu fired Wale Edun as finance minister,0,Premium Times,Silver_Standard_Training_Data
Fiscal Breach Uncovered: How Imo under Uzodinma spent N101.5 billion in unapproved funds,0,Premium Times,Silver_Standard_Training_Data
Oil-well Dispute: Inside the report that restores Cross River’s hope,0,Premium Times,Silver_Standard_Training_Data
Modern Slavery: Inside Nigerian communities where children are sold into marriage (II),0,Premium Times,Silver_Standard_Training_Data
INVESTIGATION: Inside Nigerian communities where children are forced into marriage (1),0,Premium Times,Silver_Standard_Training_Data
"INVESTIGATION: The illegal timber trade fuelling terrorism in North-central Nigeria, Benin",0,Premium Times,Silver_Standard_Training_Data
SPECIAL REPORT: How families coped with 10-year closure of 23 schools in Oyo,0,Premium Times,Silver_Standard_Training_Data
"Inside the informant networks undermining Nigeria’s anti-banditry campaign, By Samuel Aruwan",0,Premium Times,Silver_Standard_Training_Data
"Content monetisation: The internet is rewarding harm, and women are paying the price, By Chioma Agwuegbo",0,Premium Times,Silver_Standard_Training_Data
"South Africa doesn’t have a leadership crisis: It has a humanity crisis, By Nqobile Pamela Xaba",0,Premium Times,Silver_Standard_Training_Data
"Eid and the epidemic of empty pockets, By Reuben Abati",0,Premium Times,Silver_Standard_Training_Data
"NDC as the new frontier of opposition, By Majeed Dahiru",0,Premium Times,Silver_Standard_Training_Data
"Candidate selection or civilian coup?, By Dakuku Peterside",0,Premium Times,Silver_Standard_Training_Data
SPECIAL REPORT: Nigeria’s maritime university upgrade stalls as billions flow into repealed academy,0,Premium Times,Silver_Standard_Training_Data
Resource Curse? The only school in this Akwa Ibom oil community lies in ruins,0,Premium Times,Silver_Standard_Training_Data
EXCLUSIVE: Why Tinubu fired Wale Edun as finance minister,0,Premium Times,Silver_Standard_Training_Data
Fiscal Breach Uncovered: How Imo under Uzodinma spent N101.5 billion in unapproved funds,0,Premium Times,Silver_Standard_Training_Data
Oil-well Dispute: Inside the report that restores Cross River’s hope,0,Premium Times,Silver_Standard_Training_Data
Modern Slavery: Inside Nigerian communities where children are sold into marriage (II),0,Premium Times,Silver_Standard_Training_Data
INVESTIGATION: Inside Nigerian communities where children are forced into marriage (1),0,Premium Times,Silver_Standard_Training_Data
"INVESTIGATION: The illegal timber trade fuelling terrorism in North-central Nigeria, Benin",0,Premium Times,Silver_Standard_Training_Data
SPECIAL REPORT: How families coped with 10-year closure of 23 schools in Oyo,0,Premium Times,Silver_Standard_Training_Data
"Inside the informant networks undermining Nigeria’s anti-banditry campaign, By Samuel Aruwan",0,Premium Times,Silver_Standard_Training_Data
"Content monetisation: The internet is rewarding harm, and women are paying the price, By Chioma Agwuegbo",0,Premium Times,Silver_Standard_Training_Data
"South Africa doesn’t have a leadership crisis: It has a humanity crisis, By Nqobile Pamela Xaba",0,Premium Times,Silver_Standard_Training_Data
"Eid and the epidemic of empty pockets, By Reuben Abati",0,Premium Times,Silver_Standard_Training_Data
"NDC as the new frontier of opposition, By Majeed Dahiru",0,Premium Times,Silver_Standard_Training_Data
"Candidate selection or civilian coup?, By Dakuku Peterside",0,Premium Times,Silver_Standard_Training_Data
"Chelle picks Osimhen, Lookman for Portugal, Poland friendlies, names seven NPFL stars for Unity Cup",0,Premium Times,Silver_Standard_Training_Data
Court strikes out deceased deputy governor’s suit,0,Premium Times,Silver_Standard_Training_Data
"CJID, EU launch initiative to fight disinformation, strengthen democratic resilience in north-west Nigeria",0,Premium Times,Silver_Standard_Training_Data
"Money Laundering: EFCC begins probe into $79,150 airport cash seizure",0,Premium Times,Silver_Standard_Training_Data
Amusan wins Nigeria’s first gold at African Athletics Championships in Ghana,0,Premium Times,Silver_Standard_Training_Data
EFCC arrests Energy Commission DG over alleged N500 billion fraud,0,Premium Times,Silver_Standard_Training_Data
"Northern traditional leaders renew push for stronger PHC delivery, polio eradication",0,Premium Times,Silver_Standard_Training_Data
Why I visited APC chairman – Wike,0,Premium Times,Silver_Standard_Training_Data
Betting Fraud: Italian court clears Super Eagles goalkeeper Maduka Okoye,0,Premium Times,Silver_Standard_Training_Data
WhatsApp introduces incognito chat feature to address Meta AI chat privacy concerns,1,Premium Times,Silver_Standard_Training_Data
"How domestic staff allegedly murdered bishop, stole his SUV – Police",0,Premium Times,Silver_Standard_Training_Data
Tinubu arrives Kigali for Africa CEO Forum,0,Premium Times,Silver_Standard_Training_Data
"Nyame, Kefas reconcile after APC senatorial ticket dispute",0,Premium Times,Silver_Standard_Training_Data
Court orders final forfeiture of convicted ex-accountant-general’s assets,0,Premium Times,Silver_Standard_Training_Data
Court dismisses suit seeking creation of alternative rank to SAN,0,Premium Times,Silver_Standard_Training_Data
Nigeria’s kidnappers exploit online public empathy to extract higher ransoms,0,Premium Times,Silver_Standard_Training_Data
"How military air strike killed bandits, residents in Zamfara – Sources",0,Premium Times,Silver_Standard_Training_Data
UPDATED: Court dismisses suit seeking ADA’s registration as political party,0,Premium Times,Silver_Standard_Training_Data
"Police arrest 55 kidnap suspects, rescue 58 victims in Edo",0,Premium Times,Silver_Standard_Training_Data
"Police recover stolen goods, vandalised transformer cables in Akwa Ibom",0,Premium Times,Silver_Standard_Training_Data
UPDATED: Court jails ex-minister Saleh Mamman for 75 years over power project fraud,0,Premium Times,Silver_Standard_Training_Data
"2027: APC to unveil list of cleared aspirants as governors, lawmakers, others await fate",0,Premium Times,Silver_Standard_Training_Data
No public record of Ebonyi assembly’s approval as Nwifuru obtains N20 billion loan,0,Premium Times,Silver_Standard_Training_Data
Tumfa Market Airstrike: Amnesty alleges over 100 civilian deaths in Zamfara as military disputes claims,0,Premium Times,Silver_Standard_Training_Data
Enugu seeks more enrollees into state’s universal health coverage,0,Premium Times,Silver_Standard_Training_Data
"BudgIT commends Abia’s progress, seeks strategic partnership",0,Premium Times,Silver_Standard_Training_Data
Commissioner of Police laments rising deforestation in Jigawa,0,Premium Times,Silver_Standard_Training_Data
NHRC urges implementation of National Action Plan on human rights,0,Premium Times,Silver_Standard_Training_Data
Our Digital Network,0,Premium Times,Silver_Standard_Training_Data
Projects & Partnerships,0,Premium Times,Silver_Standard_Training_Data
Retrieve your password,0,Premium Times,Silver_Standard_Training_Data
Add New Playlist,0,Premium Times,Silver_Standard_Training_Data
SPECIAL REPORT: Nigeria’s maritime university upgrade stalls as billions flow into repealed academy,0,Premium Times,Silver_Standard_Training_Data
Resource Curse? The only school in this Akwa Ibom oil community lies in ruins,0,Premium Times,Silver_Standard_Training_Data
EXCLUSIVE: Why Tinubu fired Wale Edun as finance minister,0,Premium Times,Silver_Standard_Training_Data
Fiscal Breach Uncovered: How Imo under Uzodinma spent N101.5 billion in unapproved funds,0,Premium Times,Silver_Standard_Training_Data
Oil-well Dispute: Inside the report that restores Cross River’s hope,0,Premium Times,Silver_Standard_Training_Data
Modern Slavery: Inside Nigerian communities where children are sold into marriage (II),0,Premium Times,Silver_Standard_Training_Data
INVESTIGATION: Inside Nigerian communities where children are forced into marriage (1),0,Premium Times,Silver_Standard_Training_Data
"INVESTIGATION: The illegal timber trade fuelling terrorism in North-central Nigeria, Benin",0,Premium Times,Silver_Standard_Training_Data
SPECIAL REPORT: How families coped with 10-year closure of 23 schools in Oyo,0,Premium Times,Silver_Standard_Training_Data
"Inside the informant networks undermining Nigeria’s anti-banditry campaign, By Samuel Aruwan",0,Premium Times,Silver_Standard_Training_Data
"Content monetisation: The internet is rewarding harm, and women are paying the price, By Chioma Agwuegbo",0,Premium Times,Silver_Standard_Training_Data
"South Africa doesn’t have a leadership crisis: It has a humanity crisis, By Nqobile Pamela Xaba",0,Premium Times,Silver_Standard_Training_Data
"Eid and the epidemic of empty pockets, By Reuben Abati",0,Premium Times,Silver_Standard_Training_Data
"NDC as the new frontier of opposition, By Majeed Dahiru",0,Premium Times,Silver_Standard_Training_Data
"Candidate selection or civilian coup?, By Dakuku Peterside",0,Premium Times,Silver_Standard_Training_Data
SPECIAL REPORT: Nigeria’s maritime university upgrade stalls as billions flow into repealed academy,0,Premium Times,Silver_Standard_Training_Data
Resource Curse? The only school in this Akwa Ibom oil community lies in ruins,0,Premium Times,Silver_Standard_Training_Data
EXCLUSIVE: Why Tinubu fired Wale Edun as finance minister,0,Premium Times,Silver_Standard_Training_Data
Fiscal Breach Uncovered: How Imo under Uzodinma spent N101.5 billion in unapproved funds,0,Premium Times,Silver_Standard_Training_Data
Oil-well Dispute: Inside the report that restores Cross River’s hope,0,Premium Times,Silver_Standard_Training_Data
Modern Slavery: Inside Nigerian communities where children are sold into marriage (II),0,Premium Times,Silver_Standard_Training_Data
INVESTIGATION: Inside Nigerian communities where children are forced into marriage (1),0,Premium Times,Silver_Standard_Training_Data
"INVESTIGATION: The illegal timber trade fuelling terrorism in North-central Nigeria, Benin",0,Premium Times,Silver_Standard_Training_Data
SPECIAL REPORT: How families coped with 10-year closure of 23 schools in Oyo,0,Premium Times,Silver_Standard_Training_Data
"Inside the informant networks undermining Nigeria’s anti-banditry campaign, By Samuel Aruwan",0,Premium Times,Silver_Standard_Training_Data
"Content monetisation: The internet is rewarding harm, and women are paying the price, By Chioma Agwuegbo",0,Premium Times,Silver_Standard_Training_Data
"South Africa doesn’t have a leadership crisis: It has a humanity crisis, By Nqobile Pamela Xaba",0,Premium Times,Silver_Standard_Training_Data
"Eid and the epidemic of empty pockets, By Reuben Abati",0,Premium Times,Silver_Standard_Training_Data
"NDC as the new frontier of opposition, By Majeed Dahiru",0,Premium Times,Silver_Standard_Training_Data
"Candidate selection or civilian coup?, By Dakuku Peterside",0,Premium Times,Silver_Standard_Training_Data
"Chelle picks Osimhen, Lookman for Portugal, Poland friendlies, names seven NPFL stars for Unity Cup",0,Premium Times,Silver_Standard_Training_Data
Court strikes out deceased deputy governor’s suit,0,Premium Times,Silver_Standard_Training_Data
"CJID, EU launch initiative to fight disinformation, strengthen democratic resilience in north-west Nigeria",0,Premium Times,Silver_Standard_Training_Data
Police arrest prophet filmed maltreating child accused of witchcraft,0,Premium Times,Silver_Standard_Training_Data
"NDC pegs presidential form at N60m, releases timetable for 2027 primaries",0,Premium Times,Silver_Standard_Training_Data
"Day 1 Review: Team Nigeria wins two medals as Amusan, Ashe shine at African Athletics Championships",0,Premium Times,Silver_Standard_Training_Data
"Nigerian govt introduces drug integrity tests for secondary, university students",0,Premium Times,Silver_Standard_Training_Data
Ibadan mob almost lynched US-based doctor over false kidnapping allegation – Police,0,Premium Times,Silver_Standard_Training_Data
"At Africa Forward Summit, Tinubu calls for reform of global financial architecture",1,Premium Times,Silver_Standard_Training_Data
"Alleged Coup Plot: Suspects gave confessional statements voluntarily, says witness",0,Premium Times,Silver_Standard_Training_Data
Lookman fires Atlético Madrid back to winning ways against Osasuna,0,Premium Times,Silver_Standard_Training_Data
Nigerian troops intercept 400 Starlink devices allegedly used by terrorists – Official,0,Premium Times,Silver_Standard_Training_Data
APC screens Kwara Governor Abdulrazaq for Senate ticket,0,Premium Times,Silver_Standard_Training_Data
N1.6bn Fraud Trial: Court rejects Bauchi accountant-general’s Hajj request,0,Premium Times,Silver_Standard_Training_Data
Immigration officer testifies on undeclared $1.45m found on Austrian at Lagos airport,0,Premium Times,Silver_Standard_Training_Data
British govt seeks credible elections in Nigeria – Envoy,0,Premium Times,Silver_Standard_Training_Data
"Lagos Blue Line records 3.5 million passengers in one year as daily ridership hits 15,000",0,Premium Times,Silver_Standard_Training_Data
Abuja court to deliver judgement in illegal mining trial of eight Chinese nationals,0,Premium Times,Silver_Standard_Training_Data
Ex-Jigawa rep who died in bandits’ captivity buried in Kano,0,Premium Times,Silver_Standard_Training_Data
EFCC speaks on chaotic operation at University of Uyo Teaching Hospital,0,Premium Times,Silver_Standard_Training_Data
APC heavyweights set for showdown in Kaduna as aspirants reject consensus option,0,Premium Times,Silver_Standard_Training_Data
"Tinubu approves Nigeria’s hosting bid for CAF Awards, CAF General Assembly",0,Premium Times,Silver_Standard_Training_Data
Traditional Stool Crisis: Police launch probe over death of 80-year-old man in Anambra,0,Premium Times,Silver_Standard_Training_Data
"PREMIUM TIMES reporter, others selected for 2026 Kwame Karikari fact-checking fellowship",0,Premium Times,Silver_Standard_Training_Data
"Commercial vehicles dominate Nigeria’s road crashes as 1,347 people die in Q1 2026 — NBS",0,Premium Times,Silver_Standard_Training_Data
Woman arrested for allegedly beating step-daughter to death,0,Premium Times,Silver_Standard_Training_Data
Borno defends Quran oath as security guarantee for reintegrated ‘repentant’ terrorists,0,Premium Times,Silver_Standard_Training_Data
"Bandits kill five, rustle livestock in Kano community",0,Premium Times,Silver_Standard_Training_Data
Our Digital Network,0,Premium Times,Silver_Standard_Training_Data
Projects & Partnerships,0,Premium Times,Silver_Standard_Training_Data
Retrieve your password,0,Premium Times,Silver_Standard_Training_Data
Add New Playlist,0,Premium Times,Silver_Standard_Training_Data
